[debug] [2026-09-10T16:26:37.682Z] ----------------------------------------------------------------------
[debug] [2026-09-10T16:26:37.686Z] Command:       C:\Program Files\nodejs\node.exe C:\Users\FS\AppData\Roaming\npm\node_modules\firebase-tools\lib\bin\firebase.js deploy --only functions
[debug] [2026-09-10T16:26:37.686Z] CLI Version:   15.28.2
[debug] [2026-09-10T16:26:37.686Z] Platform:      win32
[debug] [2026-09-10T16:26:37.686Z] Node Version:  v24.19.0
[debug] [2026-09-10T16:26:37.686Z] Detected Agent: unknown
[debug] [2026-09-10T16:26:37.687Z] Time:          Thu Sep 10 2026 18:26:37 GMT+0200 (czas środkowoeuropejski letni)
[debug] [2026-09-10T16:26:37.687Z] ----------------------------------------------------------------------
[debug] 
[debug] [2026-09-10T16:26:40.015Z] > command requires scopes: ["email","openid","https://www.googleapis.com/auth/cloudplatformprojects.readonly","https://www.googleapis.com/auth/firebase","https://www.googleapis.com/auth/cloud-platform"]
[debug] [2026-09-10T16:26:40.015Z] > authorizing via signed-in user (seovileo@gmail.com)
[debug] [2026-09-10T16:26:40.015Z] [iam] checking project extension-eng for permissions ["cloudfunctions.functions.create","cloudfunctions.functions.delete","cloudfunctions.functions.get","cloudfunctions.functions.list","cloudfunctions.functions.update","cloudfunctions.operations.get","firebase.projects.get"]
[debug] [2026-09-10T16:26:40.047Z] Checked if tokens are valid: false, expires at: 1789058301701
[debug] [2026-09-10T16:26:40.048Z] Checked if tokens are valid: false, expires at: 1789058301701
[debug] [2026-09-10T16:26:40.048Z] > refreshing access token with scopes: []
[debug] [2026-09-10T16:26:40.053Z] >>> [apiv2][query] POST https://www.googleapis.com/oauth2/v3/token [none]
[debug] [2026-09-10T16:26:40.053Z] >>> [apiv2][body] POST https://www.googleapis.com/oauth2/v3/token [omitted]
[debug] [2026-09-10T16:26:40.647Z] <<< [apiv2][status] POST https://www.googleapis.com/oauth2/v3/token 200
[debug] [2026-09-10T16:26:40.647Z] <<< [apiv2][body] POST https://www.googleapis.com/oauth2/v3/token [omitted]
[debug] [2026-09-10T16:26:40.715Z] >>> [apiv2][query] POST https://cloudresourcemanager.googleapis.com/v1/projects/extension-eng:testIamPermissions [none]
[debug] [2026-09-10T16:26:40.715Z] >>> [apiv2][(partial)header] POST https://cloudresourcemanager.googleapis.com/v1/projects/extension-eng:testIamPermissions  x-goog-user-project=extension-eng
[debug] [2026-09-10T16:26:40.715Z] >>> [apiv2][body] POST https://cloudresourcemanager.googleapis.com/v1/projects/extension-eng:testIamPermissions {"permissions":["cloudfunctions.functions.create","cloudfunctions.functions.delete","cloudfunctions.functions.get","cloudfunctions.functions.list","cloudfunctions.functions.update","cloudfunctions.operations.get","firebase.projects.get"]}
[debug] [2026-09-10T16:26:41.696Z] <<< [apiv2][status] POST https://cloudresourcemanager.googleapis.com/v1/projects/extension-eng:testIamPermissions 200
[debug] [2026-09-10T16:26:41.696Z] <<< [apiv2][body] POST https://cloudresourcemanager.googleapis.com/v1/projects/extension-eng:testIamPermissions {"permissions":["cloudfunctions.functions.create","cloudfunctions.functions.delete","cloudfunctions.functions.get","cloudfunctions.functions.list","cloudfunctions.functions.update","cloudfunctions.operations.get","firebase.projects.get"]}
[debug] [2026-09-10T16:26:41.697Z] Checked if tokens are valid: true, expires at: 1789061199648
[debug] [2026-09-10T16:26:41.697Z] Checked if tokens are valid: true, expires at: 1789061199648
[debug] [2026-09-10T16:26:41.697Z] >>> [apiv2][query] POST https://iam.googleapis.com/v1/projects/extension-eng/serviceAccounts/extension-eng@appspot.gserviceaccount.com:testIamPermissions [none]
[debug] [2026-09-10T16:26:41.697Z] >>> [apiv2][body] POST https://iam.googleapis.com/v1/projects/extension-eng/serviceAccounts/extension-eng@appspot.gserviceaccount.com:testIamPermissions {"permissions":["iam.serviceAccounts.actAs"]}
[debug] [2026-09-10T16:26:42.809Z] <<< [apiv2][status] POST https://iam.googleapis.com/v1/projects/extension-eng/serviceAccounts/extension-eng@appspot.gserviceaccount.com:testIamPermissions 200
[debug] [2026-09-10T16:26:42.809Z] <<< [apiv2][body] POST https://iam.googleapis.com/v1/projects/extension-eng/serviceAccounts/extension-eng@appspot.gserviceaccount.com:testIamPermissions {"permissions":["iam.serviceAccounts.actAs"]}
[info] 
[info] === Deploying to 'extension-eng'...
[info] 
[info] i  deploying functions 
[debug] [2026-09-10T16:26:42.817Z] Checked if tokens are valid: true, expires at: 1789061199648
[debug] [2026-09-10T16:26:42.817Z] Checked if tokens are valid: true, expires at: 1789061199648
[debug] [2026-09-10T16:26:42.818Z] >>> [apiv2][query] GET https://cloudresourcemanager.googleapis.com/v1/projects/extension-eng [none]
[debug] [2026-09-10T16:26:43.095Z] <<< [apiv2][status] GET https://cloudresourcemanager.googleapis.com/v1/projects/extension-eng 200
[debug] [2026-09-10T16:26:43.096Z] <<< [apiv2][body] GET https://cloudresourcemanager.googleapis.com/v1/projects/extension-eng {"projectNumber":"249798889726","projectId":"extension-eng","lifecycleState":"ACTIVE","name":"extension-eng","labels":{"firebase":"enabled","firebase-core":"disabled"},"createTime":"2026-02-27T14:12:35.329974Z"}
[info] i  functions: preparing codebase default for deployment 
[info] i  functions: ensuring required API cloudfunctions.googleapis.com is enabled... 
[info] i  functions: ensuring required API cloudbuild.googleapis.com is enabled... 
[info] i  artifactregistry: ensuring required API artifactregistry.googleapis.com is enabled... 
[debug] [2026-09-10T16:26:43.101Z] Checked if tokens are valid: true, expires at: 1789061199648
[debug] [2026-09-10T16:26:43.101Z] Checked if tokens are valid: true, expires at: 1789061199648
[debug] [2026-09-10T16:26:43.102Z] >>> [apiv2][query] GET https://firebase.googleapis.com/v1beta1/projects/extension-eng/adminSdkConfig [none]
[debug] [2026-09-10T16:26:43.766Z] <<< [apiv2][status] GET https://firebase.googleapis.com/v1beta1/projects/extension-eng/adminSdkConfig 200
[debug] [2026-09-10T16:26:43.767Z] <<< [apiv2][body] GET https://firebase.googleapis.com/v1beta1/projects/extension-eng/adminSdkConfig {"projectId":"extension-eng","storageBucket":"extension-eng.firebasestorage.app"}
[debug] [2026-09-10T16:26:43.767Z] Checked if tokens are valid: true, expires at: 1789061199648
[debug] [2026-09-10T16:26:43.767Z] Checked if tokens are valid: true, expires at: 1789061199648
[debug] [2026-09-10T16:26:43.767Z] >>> [apiv2][query] GET https://runtimeconfig.googleapis.com/v1beta1/projects/extension-eng/configs [none]
[debug] [2026-09-10T16:26:44.327Z] <<< [apiv2][status] GET https://runtimeconfig.googleapis.com/v1beta1/projects/extension-eng/configs 200
[debug] [2026-09-10T16:26:44.328Z] <<< [apiv2][body] GET https://runtimeconfig.googleapis.com/v1beta1/projects/extension-eng/configs {}
[debug] [2026-09-10T16:26:44.329Z] Validating nodejs source
[warn] !  functions: Runtime Node.js 20 was deprecated on 2026-04-30 and will be decommissioned on 2026-10-30, after which you will not be able to deploy without upgrading. Consider upgrading now to avoid disruption. See https://cloud.google.com/functions/docs/runtime-support for full details on the lifecycle policy 
[debug] [2026-09-10T16:26:45.351Z] > [functions] package.json contents: {
  "name": "lectoro-functions",
  "description": "Lectoro – Firebase Cloud Functions backend",
  "scripts": {
    "test": "node --test *.test.js",
    "plan:set": "node set-user-plan.js",
    "plan:remove": "node remove-user-plan.js",
    "serve": "firebase emulators:start --only functions",
    "shell": "firebase functions:shell",
    "start": "npm run shell",
    "deploy": "firebase deploy --only functions",
    "logs": "firebase functions:log"
  },
  "engines": {
    "node": "20"
  },
  "main": "index.js",
  "dependencies": {
    "@aws-sdk/client-s3": "^3.1113.0",
    "firebase-admin": "^12.7.0",
    "firebase-functions": "^7.3.2",
    "stripe": "22.1.1"
  },
  "private": true
}
[debug] [2026-09-10T16:26:45.351Z] Building nodejs source
[info] i  functions: Loading and analyzing source code for codebase default to determine what to deploy 
[debug] [2026-09-10T16:26:45.355Z] Found functions.yaml. Got spec: {
  "endpoints": {
    "createStripeCheckoutSession": {
      "availableMemoryMb": 256,
      "timeoutSeconds": 30,
      "minInstances": null,
      "maxInstances": null,
      "ingressSettings": null,
      "concurrency": null,
      "serviceAccountEmail": null,
      "vpc": null,
      "platform": "gcfv2",
      "region": [
        "europe-west1"
      ],
      "secretEnvironmentVariables": [
        {
          "key": "STRIPE_SECRET_KEY"
        }
      ],
      "labels": {},
      "httpsTrigger": {},
      "entryPoint": "createStripeCheckoutSession"
    },
    "createStripePortalSession": {
      "availableMemoryMb": 256,
      "timeoutSeconds": 30,
      "minInstances": null,
      "maxInstances": null,
      "ingressSettings": null,
      "concurrency": null,
      "serviceAccountEmail": null,
      "vpc": null,
      "platform": "gcfv2",
      "region": [
        "europe-west1"
      ],
      "secretEnvironmentVariables": [
        {
          "key": "STRIPE_SECRET_KEY"
        }
      ],
      "labels": {},
      "httpsTrigger": {},
      "entryPoint": "createStripePortalSession"
    },
    "stripeWebhook": {
      "availableMemoryMb": 256,
      "timeoutSeconds": 60,
      "minInstances": null,
      "maxInstances": null,
      "ingressSettings": null,
      "concurrency": null,
      "serviceAccountEmail": null,
      "vpc": null,
      "platform": "gcfv2",
      "region": [
        "europe-west1"
      ],
      "secretEnvironmentVariables": [
        {
          "key": "STRIPE_SECRET_KEY"
        },
        {
          "key": "STRIPE_WEBHOOK_SECRET"
        }
      ],
      "labels": {},
      "httpsTrigger": {},
      "entryPoint": "stripeWebhook"
    },
    "stripeCheckoutResult": {
      "availableMemoryMb": null,
      "timeoutSeconds": null,
      "minInstances": null,
      "maxInstances": null,
      "ingressSettings": null,
      "concurrency": null,
      "serviceAccountEmail": null,
      "vpc": null,
      "platform": "gcfv2",
      "region": [
        "europe-west1"
      ],
      "labels": {},
      "httpsTrigger": {},
      "entryPoint": "stripeCheckoutResult"
    },
    "geminiProxy": {
      "availableMemoryMb": 256,
      "timeoutSeconds": 60,
      "minInstances": null,
      "maxInstances": null,
      "ingressSettings": null,
      "concurrency": null,
      "serviceAccountEmail": null,
      "vpc": null,
      "platform": "gcfv2",
      "region": [
        "europe-west1"
      ],
      "secretEnvironmentVariables": [
        {
          "key": "LECTORO_GEMINI_API_KEY"
        },
        {
          "key": "ELEVENLABS_API_KEY"
        },
        {
          "key": "R2_SECRET_ACCESS_KEY"
        }
      ],
      "labels": {},
      "httpsTrigger": {},
      "entryPoint": "geminiProxy"
    }
  },
  "specVersion": "v1alpha1",
  "requiredAPIs": [],
  "extensions": {},
  "params": [
    {
      "type": "secret",
      "name": "LECTORO_GEMINI_API_KEY"
    },
    {
      "type": "secret",
      "name": "ELEVENLABS_API_KEY"
    },
    {
      "type": "secret",
      "name": "R2_SECRET_ACCESS_KEY"
    },
    {
      "type": "secret",
      "name": "STRIPE_SECRET_KEY"
    },
    {
      "type": "secret",
      "name": "STRIPE_WEBHOOK_SECRET"
    }
  ]
}
[debug] [2026-09-10T16:26:45.373Z] Checked if tokens are valid: true, expires at: 1789061199648
[debug] [2026-09-10T16:26:45.373Z] Checked if tokens are valid: true, expires at: 1789061199648
[debug] [2026-09-10T16:26:45.373Z] >>> [apiv2][query] GET https://cloudfunctions.googleapis.com/v1/projects/extension-eng/locations/-/functions [none]
[debug] [2026-09-10T16:26:46.129Z] <<< [apiv2][status] GET https://cloudfunctions.googleapis.com/v1/projects/extension-eng/locations/-/functions 200
[debug] [2026-09-10T16:26:46.129Z] <<< [apiv2][body] GET https://cloudfunctions.googleapis.com/v1/projects/extension-eng/locations/-/functions {"functions":[{"name":"projects/extension-eng/locations/us-central1/functions/ext-firestore-stripe-payments-createCheckoutSession","description":"Creates a Checkout session to collect the customer's payment details.","sourceArchiveUrl":"gs://firebase-mod-sources-prod/388eb1851f94dadf2f80d2d08616b711f10ddfb173d5e257935020383a0a0c69","eventTrigger":{"eventType":"providers/cloud.firestore/eventTypes/document.create","resource":"projects/extension-eng/databases/(default)/documents/customers/{uid}/checkout_sessions/{id}","service":"firestore.googleapis.com","failurePolicy":{}},"status":"ACTIVE","entryPoint":"createCheckoutSession","timeout":"60s","availableMemoryMb":256,"serviceAccountEmail":"ext-firestore-stripe-payments@extension-eng.iam.gserviceaccount.com","updateTime":"2026-09-08T22:30:29.144486485Z","versionId":"2","labels":{"goog-dm":"firebase-ext-firestore-stripe-payments","goog-firebase-ext":"firestore-stripe-payments","deployment-tool":"firebase-extensions","goog-firebase-ext-iid":"firestore-stripe-payments","firebase-extensions-ar":"enabled"},"environmentVariables":{"CREATE_CHECKOUT_SESSION_MIN_INSTANCES":"0","CUSTOMERS_COLLECTION":"customers","DATABASE_INSTANCE":"","DATABASE_URL":"","DELETE_STRIPE_CUSTOMERS":"Do not delete","EXT_INSTANCE_ID":"firestore-stripe-payments","FIREBASE_CONFIG":"{\"projectId\":\"extension-eng\",\"databaseURL\":\"\",\"storageBucket\":\"extension-eng.firebasestorage.app\"}","GCLOUD_PROJECT":"extension-eng","LOCATION":"us-central1","PRODUCTS_COLLECTION":"products","PROJECT_ID":"extension-eng","STORAGE_BUCKET":"extension-eng.firebasestorage.app","STRIPE_CONFIG_COLLECTION":"configuration","SYNC_USERS_ON_CREATE":"Do not sync"},"runtime":"nodejs20","maxInstances":3000,"ingressSettings":"ALLOW_INTERNAL_ONLY","buildId":"4f436d4c-2c14-4717-8b33-dc8ec04dd854","buildEnvironmentVariables":{"GOOGLE_NODE_RUN_SCRIPTS":""},"secretEnvironmentVariables":[{"key":"STRIPE_API_KEY","projectId":"249798889726","secret":"firestore-stripe-payments-STRIPE_API_KEY-xe4m","version":"1"}],"buildName":"projects/249798889726/locations/us-central1/builds/4f436d4c-2c14-4717-8b33-dc8ec04dd854","dockerRegistry":"ARTIFACT_REGISTRY","automaticUpdatePolicy":{},"buildServiceAccount":"projects/extension-eng/serviceAccounts/249798889726-compute@developer.gserviceaccount.com","satisfiesPzi":true},{"name":"projects/extension-eng/locations/us-central1/functions/ext-firestore-stripe-payments-createCustomer","description":"Creates a Stripe customer object when a new user signs up.","sourceArchiveUrl":"gs://firebase-mod-sources-prod/388eb1851f94dadf2f80d2d08616b711f10ddfb173d5e257935020383a0a0c69","eventTrigger":{"eventType":"providers/firebase.auth/eventTypes/user.create","resource":"projects/extension-eng","service":"firebaseauth.googleapis.com","failurePolicy":{}},"status":"ACTIVE","entryPoint":"createCustomer","timeout":"60s","availableMemoryMb":256,"serviceAccountEmail":"ext-firestore-stripe-payments@extension-eng.iam.gserviceaccount.com","updateTime":"2026-09-08T22:30:29.178571833Z","versionId":"2","labels":{"firebase-extensions-ar":"enabled","goog-dm":"firebase-ext-firestore-stripe-payments","goog-firebase-ext":"firestore-stripe-payments","deployment-tool":"firebase-extensions","goog-firebase-ext-iid":"firestore-stripe-payments"},"environmentVariables":{"CREATE_CHECKOUT_SESSION_MIN_INSTANCES":"0","CUSTOMERS_COLLECTION":"customers","DATABASE_INSTANCE":"","DATABASE_URL":"","DELETE_STRIPE_CUSTOMERS":"Do not delete","EXT_INSTANCE_ID":"firestore-stripe-payments","FIREBASE_CONFIG":"{\"projectId\":\"extension-eng\",\"databaseURL\":\"\",\"storageBucket\":\"extension-eng.firebasestorage.app\"}","GCLOUD_PROJECT":"extension-eng","LOCATION":"us-central1","PRODUCTS_COLLECTION":"products","PROJECT_ID":"extension-eng","STORAGE_BUCKET":"extension-eng.firebasestorage.app","STRIPE_CONFIG_COLLECTION":"configuration","SYNC_USERS_ON_CREATE":"Do not sync"},"runtime":"nodejs20","maxInstances":3000,"ingressSettings":"ALLOW_INTERNAL_ONLY","buildId":"eb2dd672-f2b2-4f2d-be52-3a28a9f7045c","buildEnvironmentVariables":{"GOOGLE_NODE_RUN_SCRIPTS":""},"secretEnvironmentVariables":[{"key":"STRIPE_API_KEY","projectId":"249798889726","secret":"firestore-stripe-payments-STRIPE_API_KEY-xe4m","version":"1"}],"buildName":"projects/249798889726/locations/us-central1/builds/eb2dd672-f2b2-4f2d-be52-3a28a9f7045c","dockerRegistry":"ARTIFACT_REGISTRY","automaticUpdatePolicy":{},"buildServiceAccount":"projects/extension-eng/serviceAccounts/249798889726-compute@developer.gserviceaccount.com","satisfiesPzi":true},{"name":"projects/extension-eng/locations/us-central1/functions/ext-firestore-stripe-payments-handleWebhookEvents","description":"Handles Stripe webhook events to keep subscription statuses in sync and update custom claims.","sourceArchiveUrl":"gs://firebase-mod-sources-prod/388eb1851f94dadf2f80d2d08616b711f10ddfb173d5e257935020383a0a0c69","httpsTrigger":{"url":"https://us-central1-extension-eng.cloudfunctions.net/ext-firestore-stripe-payments-handleWebhookEvents","securityLevel":"SECURE_OPTIONAL"},"status":"ACTIVE","entryPoint":"handleWebhookEvents","timeout":"60s","availableMemoryMb":256,"serviceAccountEmail":"ext-firestore-stripe-payments@extension-eng.iam.gserviceaccount.com","updateTime":"2026-09-08T22:30:29.147782452Z","versionId":"2","labels":{"goog-firebase-ext":"firestore-stripe-payments","deployment-tool":"firebase-extensions","goog-firebase-ext-iid":"firestore-stripe-payments","firebase-extensions-ar":"enabled","goog-dm":"firebase-ext-firestore-stripe-payments"},"environmentVariables":{"CREATE_CHECKOUT_SESSION_MIN_INSTANCES":"0","CUSTOMERS_COLLECTION":"customers","DATABASE_INSTANCE":"","DATABASE_URL":"","DELETE_STRIPE_CUSTOMERS":"Do not delete","EXT_INSTANCE_ID":"firestore-stripe-payments","FIREBASE_CONFIG":"{\"projectId\":\"extension-eng\",\"databaseURL\":\"\",\"storageBucket\":\"extension-eng.firebasestorage.app\"}","GCLOUD_PROJECT":"extension-eng","LOCATION":"us-central1","PRODUCTS_COLLECTION":"products","PROJECT_ID":"extension-eng","STORAGE_BUCKET":"extension-eng.firebasestorage.app","STRIPE_CONFIG_COLLECTION":"configuration","SYNC_USERS_ON_CREATE":"Do not sync"},"runtime":"nodejs20","ingressSettings":"ALLOW_ALL","buildId":"d60989c2-60a2-4787-8c69-888859e5f606","buildEnvironmentVariables":{"GOOGLE_NODE_RUN_SCRIPTS":""},"secretEnvironmentVariables":[{"key":"STRIPE_API_KEY","projectId":"249798889726","secret":"firestore-stripe-payments-STRIPE_API_KEY-xe4m","version":"1"}],"buildName":"projects/249798889726/locations/us-central1/builds/d60989c2-60a2-4787-8c69-888859e5f606","dockerRegistry":"ARTIFACT_REGISTRY","automaticUpdatePolicy":{},"buildServiceAccount":"projects/extension-eng/serviceAccounts/249798889726-compute@developer.gserviceaccount.com","satisfiesPzi":true},{"name":"projects/extension-eng/locations/us-central1/functions/ext-firestore-stripe-payments-onCustomerDataDeleted","description":"Deletes the Stripe customer object and cancels all their subscriptions when the customer doc in Cloud Firestore is deleted.","sourceArchiveUrl":"gs://firebase-mod-sources-prod/388eb1851f94dadf2f80d2d08616b711f10ddfb173d5e257935020383a0a0c69","eventTrigger":{"eventType":"providers/cloud.firestore/eventTypes/document.delete","resource":"projects/extension-eng/databases/(default)/documents/customers/{uid}","service":"firestore.googleapis.com","failurePolicy":{}},"status":"ACTIVE","entryPoint":"onCustomerDataDeleted","timeout":"60s","availableMemoryMb":256,"serviceAccountEmail":"ext-firestore-stripe-payments@extension-eng.iam.gserviceaccount.com","updateTime":"2026-09-08T22:30:29.242499217Z","versionId":"2","labels":{"firebase-extensions-ar":"enabled","goog-dm":"firebase-ext-firestore-stripe-payments","goog-firebase-ext":"firestore-stripe-payments","deployment-tool":"firebase-extensions","goog-firebase-ext-iid":"firestore-stripe-payments"},"environmentVariables":{"CREATE_CHECKOUT_SESSION_MIN_INSTANCES":"0","CUSTOMERS_COLLECTION":"customers","DATABASE_INSTANCE":"","DATABASE_URL":"","DELETE_STRIPE_CUSTOMERS":"Do not delete","EXT_INSTANCE_ID":"firestore-stripe-payments","FIREBASE_CONFIG":"{\"projectId\":\"extension-eng\",\"databaseURL\":\"\",\"storageBucket\":\"extension-eng.firebasestorage.app\"}","GCLOUD_PROJECT":"extension-eng","LOCATION":"us-central1","PRODUCTS_COLLECTION":"products","PROJECT_ID":"extension-eng","STORAGE_BUCKET":"extension-eng.firebasestorage.app","STRIPE_CONFIG_COLLECTION":"configuration","SYNC_USERS_ON_CREATE":"Do not sync"},"runtime":"nodejs20","maxInstances":3000,"ingressSettings":"ALLOW_INTERNAL_ONLY","buildId":"38d48b7f-12e5-492c-8b15-db1f16f8ac3a","buildEnvironmentVariables":{"GOOGLE_NODE_RUN_SCRIPTS":""},"secretEnvironmentVariables":[{"key":"STRIPE_API_KEY","projectId":"249798889726","secret":"firestore-stripe-payments-STRIPE_API_KEY-xe4m","version":"1"}],"buildName":"projects/249798889726/locations/us-central1/builds/38d48b7f-12e5-492c-8b15-db1f16f8ac3a","dockerRegistry":"ARTIFACT_REGISTRY","automaticUpdatePolicy":{},"buildServiceAccount":"projects/extension-eng/serviceAccounts/249798889726-compute@developer.gserviceaccount.com","satisfiesPzi":true},{"name":"projects/extension-eng/locations/us-central1/functions/ext-firestore-stripe-payments-createPortalLink","description":"Creates links to the customer portal for the user to manage their payment & subscription details.","sourceArchiveUrl":"gs://firebase-mod-sources-prod/388eb1851f94dadf2f80d2d08616b711f10ddfb173d5e257935020383a0a0c69","httpsTrigger":{"url":"https://us-central1-extension-eng.cloudfunctions.net/ext-firestore-stripe-payments-createPortalLink","securityLevel":"SECURE_OPTIONAL"},"status":"ACTIVE","entryPoint":"createPortalLink","timeout":"60s","availableMemoryMb":256,"serviceAccountEmail":"ext-firestore-stripe-payments@extension-eng.iam.gserviceaccount.com","updateTime":"2026-09-08T22:30:29.291431971Z","versionId":"2","labels":{"goog-dm":"firebase-ext-firestore-stripe-payments","goog-firebase-ext":"firestore-stripe-payments","deployment-tool":"firebase-extensions","goog-firebase-ext-iid":"firestore-stripe-payments","firebase-extensions-ar":"enabled"},"environmentVariables":{"CREATE_CHECKOUT_SESSION_MIN_INSTANCES":"0","CUSTOMERS_COLLECTION":"customers","DATABASE_INSTANCE":"","DATABASE_URL":"","DELETE_STRIPE_CUSTOMERS":"Do not delete","EXT_INSTANCE_ID":"firestore-stripe-payments","FIREBASE_CONFIG":"{\"projectId\":\"extension-eng\",\"databaseURL\":\"\",\"storageBucket\":\"extension-eng.firebasestorage.app\"}","GCLOUD_PROJECT":"extension-eng","LOCATION":"us-central1","PRODUCTS_COLLECTION":"products","PROJECT_ID":"extension-eng","STORAGE_BUCKET":"extension-eng.firebasestorage.app","STRIPE_CONFIG_COLLECTION":"configuration","SYNC_USERS_ON_CREATE":"Do not sync"},"runtime":"nodejs20","ingressSettings":"ALLOW_ALL","buildId":"5a931cbc-3514-4b9a-91fb-d26f3e1a6bc8","buildEnvironmentVariables":{"GOOGLE_NODE_RUN_SCRIPTS":""},"secretEnvironmentVariables":[{"key":"STRIPE_API_KEY","projectId":"249798889726","secret":"firestore-stripe-payments-STRIPE_API_KEY-xe4m","version":"1"}],"buildName":"projects/249798889726/locations/us-central1/builds/5a931cbc-3514-4b9a-91fb-d26f3e1a6bc8","dockerRegistry":"ARTIFACT_REGISTRY","automaticUpdatePolicy":{},"buildServiceAccount":"projects/extension-eng/serviceAccounts/249798889726-compute@developer.gserviceaccount.com","satisfiesPzi":true},{"name":"projects/extension-eng/locations/us-central1/functions/ext-firestore-stripe-payments-onUserDeleted","description":"Deletes the Stripe customer object and cancels all their subscriptions when the user is deleted in Firebase Authentication.","sourceArchiveUrl":"gs://firebase-mod-sources-prod/388eb1851f94dadf2f80d2d08616b711f10ddfb173d5e257935020383a0a0c69","eventTrigger":{"eventType":"providers/firebase.auth/eventTypes/user.delete","resource":"projects/extension-eng","service":"firebaseauth.googleapis.com","failurePolicy":{}},"status":"ACTIVE","entryPoint":"onUserDeleted","timeout":"60s","availableMemoryMb":256,"serviceAccountEmail":"ext-firestore-stripe-payments@extension-eng.iam.gserviceaccount.com","updateTime":"2026-09-08T22:30:29.318495901Z","versionId":"2","labels":{"goog-firebase-ext-iid":"firestore-stripe-payments","firebase-extensions-ar":"enabled","goog-dm":"firebase-ext-firestore-stripe-payments","goog-firebase-ext":"firestore-stripe-payments","deployment-tool":"firebase-extensions"},"environmentVariables":{"CREATE_CHECKOUT_SESSION_MIN_INSTANCES":"0","CUSTOMERS_COLLECTION":"customers","DATABASE_INSTANCE":"","DATABASE_URL":"","DELETE_STRIPE_CUSTOMERS":"Do not delete","EXT_INSTANCE_ID":"firestore-stripe-payments","FIREBASE_CONFIG":"{\"projectId\":\"extension-eng\",\"databaseURL\":\"\",\"storageBucket\":\"extension-eng.firebasestorage.app\"}","GCLOUD_PROJECT":"extension-eng","LOCATION":"us-central1","PRODUCTS_COLLECTION":"products","PROJECT_ID":"extension-eng","STORAGE_BUCKET":"extension-eng.firebasestorage.app","STRIPE_CONFIG_COLLECTION":"configuration","SYNC_USERS_ON_CREATE":"Do not sync"},"runtime":"nodejs20","maxInstances":3000,"ingressSettings":"ALLOW_INTERNAL_ONLY","buildId":"ecdf913b-07d6-4314-98d4-85c760051a28","buildEnvironmentVariables":{"GOOGLE_NODE_RUN_SCRIPTS":""},"secretEnvironmentVariables":[{"key":"STRIPE_API_KEY","projectId":"249798889726","secret":"firestore-stripe-payments-STRIPE_API_KEY-xe4m","version":"1"}],"buildName":"projects/249798889726/locations/us-central1/builds/ecdf913b-07d6-4314-98d4-85c760051a28","dockerRegistry":"ARTIFACT_REGISTRY","automaticUpdatePolicy":{},"buildServiceAccount":"projects/extension-eng/serviceAccounts/249798889726-compute@developer.gserviceaccount.com","satisfiesPzi":true}]}
[debug] [2026-09-10T16:26:46.130Z] Checked if tokens are valid: true, expires at: 1789061199648
[debug] [2026-09-10T16:26:46.130Z] Checked if tokens are valid: true, expires at: 1789061199648
[debug] [2026-09-10T16:26:46.131Z] >>> [apiv2][query] GET https://cloudfunctions.googleapis.com/v2/projects/extension-eng/locations/-/functions filter=environment%3D%22GEN_2%22
[debug] [2026-09-10T16:26:47.223Z] <<< [apiv2][status] GET https://cloudfunctions.googleapis.com/v2/projects/extension-eng/locations/-/functions 200
[debug] [2026-09-10T16:26:47.223Z] <<< [apiv2][body] GET https://cloudfunctions.googleapis.com/v2/projects/extension-eng/locations/-/functions {"functions":[{"name":"projects/extension-eng/locations/europe-west1/functions/createStripePortalSession","buildConfig":{"build":"projects/249798889726/locations/europe-west1/builds/939cc01b-1e89-44be-9365-a95ad90b1d09","runtime":"nodejs20","entryPoint":"createStripePortalSession","source":{"storageSource":{"bucket":"gcf-v2-sources-249798889726-europe-west1","object":"createStripePortalSession/function-source.zip","generation":"1789057192142927"}},"environmentVariables":{"GOOGLE_NODE_RUN_SCRIPTS":""},"dockerRepository":"projects/extension-eng/locations/europe-west1/repositories/gcf-artifacts","sourceProvenance":{"resolvedStorageSource":{"bucket":"gcf-v2-sources-249798889726-europe-west1","object":"createStripePortalSession/function-source.zip","generation":"1789057192142927"}},"dockerRegistry":"ARTIFACT_REGISTRY","serviceAccount":"projects/extension-eng/serviceAccounts/249798889726-compute@developer.gserviceaccount.com","automaticUpdatePolicy":{}},"serviceConfig":{"service":"projects/extension-eng/locations/europe-west1/services/createstripeportalsession","timeoutSeconds":30,"environmentVariables":{"STRIPE_BASIC_PRICE_ID":"price_1U45bvPWye8UyAN8xKC8ista","STRIPE_PRO_PRICE_ID":"price_1U46tdPWye8UyAN8jN2EpPxa","R2_ACCOUNT_ID":"94b9a2de404c8e3f8efa532d0607b5f1","R2_BUCKET_NAME":"lectoro-media","R2_PUBLIC_URL":"https://pub-ee4534784e534bd9af38ba8022bc5e1e.r2.dev","R2_ACCESS_KEY_ID":"75713468bf056703eec66c5821e564f5","FIREBASE_CONFIG":"{\"projectId\":\"extension-eng\",\"storageBucket\":\"extension-eng.firebasestorage.app\"}","GCLOUD_PROJECT":"extension-eng","EVENTARC_CLOUD_EVENT_SOURCE":"projects/extension-eng/locations/europe-west1/services/createStripePortalSession","FUNCTION_REGION":"europe-west1","FUNCTION_TARGET":"createStripePortalSession","LOG_EXECUTION_ID":"true","FUNCTION_SIGNATURE_TYPE":"http"},"maxInstanceCount":20,"ingressSettings":"ALLOW_ALL","uri":"https://createstripeportalsession-gyagzflbra-ew.a.run.app","serviceAccountEmail":"249798889726-compute@developer.gserviceaccount.com","availableMemory":"256Mi","allTrafficOnLatestRevision":true,"secretEnvironmentVariables":[{"key":"STRIPE_SECRET_KEY","projectId":"extension-eng","secret":"STRIPE_SECRET_KEY","version":"2"}],"revision":"createstripeportalsession-00045-jok","maxInstanceRequestConcurrency":80,"availableCpu":"1"},"state":"ACTIVE","updateTime":"2026-09-10T16:20:01.926746749Z","labels":{"deployment-tool":"cli-firebase","firebase-functions-hash":"15e772a00634577ba13e728f4d41adf1f15c12e2"},"environment":"GEN_2","url":"https://europe-west1-extension-eng.cloudfunctions.net/createStripePortalSession","createTime":"2026-08-13T21:22:08.518806269Z","satisfiesPzi":true},{"name":"projects/extension-eng/locations/europe-west1/functions/stripeWebhook","buildConfig":{"build":"projects/249798889726/locations/europe-west1/builds/939cc01b-1e89-44be-9365-a95ad90b1d09","runtime":"nodejs20","entryPoint":"stripeWebhook","source":{"storageSource":{"bucket":"gcf-v2-sources-249798889726-europe-west1","object":"stripeWebhook/function-source.zip","generation":"1789057192317724"}},"environmentVariables":{"GOOGLE_NODE_RUN_SCRIPTS":""},"dockerRepository":"projects/extension-eng/locations/europe-west1/repositories/gcf-artifacts","sourceProvenance":{"resolvedStorageSource":{"bucket":"gcf-v2-sources-249798889726-europe-west1","object":"stripeWebhook/function-source.zip","generation":"1789057192317724"}},"dockerRegistry":"ARTIFACT_REGISTRY","serviceAccount":"projects/extension-eng/serviceAccounts/249798889726-compute@developer.gserviceaccount.com","automaticUpdatePolicy":{}},"serviceConfig":{"service":"projects/extension-eng/locations/europe-west1/services/stripewebhook","timeoutSeconds":60,"environmentVariables":{"STRIPE_BASIC_PRICE_ID":"price_1U45bvPWye8UyAN8xKC8ista","STRIPE_PRO_PRICE_ID":"price_1U46tdPWye8UyAN8jN2EpPxa","R2_ACCOUNT_ID":"94b9a2de404c8e3f8efa532d0607b5f1","R2_BUCKET_NAME":"lectoro-media","R2_PUBLIC_URL":"https://pub-ee4534784e534bd9af38ba8022bc5e1e.r2.dev","R2_ACCESS_KEY_ID":"75713468bf056703eec66c5821e564f5","FIREBASE_CONFIG":"{\"projectId\":\"extension-eng\",\"storageBucket\":\"extension-eng.firebasestorage.app\"}","GCLOUD_PROJECT":"extension-eng","EVENTARC_CLOUD_EVENT_SOURCE":"projects/extension-eng/locations/europe-west1/services/stripeWebhook","FUNCTION_REGION":"europe-west1","FUNCTION_TARGET":"stripeWebhook","LOG_EXECUTION_ID":"true","FUNCTION_SIGNATURE_TYPE":"http"},"maxInstanceCount":20,"ingressSettings":"ALLOW_ALL","uri":"https://stripewebhook-gyagzflbra-ew.a.run.app","serviceAccountEmail":"249798889726-compute@developer.gserviceaccount.com","availableMemory":"256Mi","allTrafficOnLatestRevision":true,"secretEnvironmentVariables":[{"key":"STRIPE_SECRET_KEY","projectId":"extension-eng","secret":"STRIPE_SECRET_KEY","version":"2"},{"key":"STRIPE_WEBHOOK_SECRET","projectId":"extension-eng","secret":"STRIPE_WEBHOOK_SECRET","version":"2"}],"revision":"stripewebhook-00047-soq","maxInstanceRequestConcurrency":80,"availableCpu":"1"},"state":"ACTIVE","updateTime":"2026-09-10T16:20:01.570069853Z","labels":{"firebase-functions-hash":"fd8fdec608a6acfeee61794759ca810538776675","deployment-tool":"cli-firebase"},"environment":"GEN_2","url":"https://europe-west1-extension-eng.cloudfunctions.net/stripeWebhook","createTime":"2026-08-13T21:22:08.649494422Z","satisfiesPzi":true},{"name":"projects/extension-eng/locations/europe-west1/functions/createStripeCheckoutSession","buildConfig":{"build":"projects/249798889726/locations/europe-west1/builds/939cc01b-1e89-44be-9365-a95ad90b1d09","runtime":"nodejs20","entryPoint":"createStripeCheckoutSession","source":{"storageSource":{"bucket":"gcf-v2-sources-249798889726-europe-west1","object":"createStripeCheckoutSession/function-source.zip","generation":"1789057143389200"}},"environmentVariables":{"GOOGLE_NODE_RUN_SCRIPTS":""},"dockerRepository":"projects/extension-eng/locations/europe-west1/repositories/gcf-artifacts","sourceProvenance":{"resolvedStorageSource":{"bucket":"gcf-v2-sources-249798889726-europe-west1","object":"createStripeCheckoutSession/function-source.zip","generation":"1789057143389200"}},"dockerRegistry":"ARTIFACT_REGISTRY","serviceAccount":"projects/extension-eng/serviceAccounts/249798889726-compute@developer.gserviceaccount.com","automaticUpdatePolicy":{}},"serviceConfig":{"service":"projects/extension-eng/locations/europe-west1/services/createstripecheckoutsession","timeoutSeconds":30,"environmentVariables":{"STRIPE_BASIC_PRICE_ID":"price_1U45bvPWye8UyAN8xKC8ista","STRIPE_PRO_PRICE_ID":"price_1U46tdPWye8UyAN8jN2EpPxa","R2_ACCOUNT_ID":"94b9a2de404c8e3f8efa532d0607b5f1","R2_BUCKET_NAME":"lectoro-media","R2_PUBLIC_URL":"https://pub-ee4534784e534bd9af38ba8022bc5e1e.r2.dev","R2_ACCESS_KEY_ID":"75713468bf056703eec66c5821e564f5","FIREBASE_CONFIG":"{\"projectId\":\"extension-eng\",\"storageBucket\":\"extension-eng.firebasestorage.app\"}","GCLOUD_PROJECT":"extension-eng","EVENTARC_CLOUD_EVENT_SOURCE":"projects/extension-eng/locations/europe-west1/services/createStripeCheckoutSession","FUNCTION_REGION":"europe-west1","FUNCTION_TARGET":"createStripeCheckoutSession","LOG_EXECUTION_ID":"true","FUNCTION_SIGNATURE_TYPE":"http"},"maxInstanceCount":20,"ingressSettings":"ALLOW_ALL","uri":"https://createstripecheckoutsession-gyagzflbra-ew.a.run.app","serviceAccountEmail":"249798889726-compute@developer.gserviceaccount.com","availableMemory":"256Mi","allTrafficOnLatestRevision":true,"secretEnvironmentVariables":[{"key":"STRIPE_SECRET_KEY","projectId":"extension-eng","secret":"STRIPE_SECRET_KEY","version":"2"}],"revision":"createstripecheckoutsession-00047-nab","maxInstanceRequestConcurrency":80,"availableCpu":"1"},"state":"ACTIVE","updateTime":"2026-09-10T16:19:48.662310168Z","labels":{"deployment-tool":"cli-firebase","firebase-functions-hash":"15e772a00634577ba13e728f4d41adf1f15c12e2"},"environment":"GEN_2","url":"https://europe-west1-extension-eng.cloudfunctions.net/createStripeCheckoutSession","createTime":"2026-08-13T21:21:11.061651606Z","satisfiesPzi":true},{"name":"projects/extension-eng/locations/europe-west1/functions/geminiProxy","buildConfig":{"build":"projects/249798889726/locations/europe-west1/builds/939cc01b-1e89-44be-9365-a95ad90b1d09","runtime":"nodejs20","entryPoint":"geminiProxy","source":{"storageSource":{"bucket":"gcf-v2-sources-249798889726-europe-west1","object":"geminiProxy/function-source.zip","generation":"1789057192358703"}},"environmentVariables":{"GOOGLE_NODE_RUN_SCRIPTS":""},"dockerRepository":"projects/extension-eng/locations/europe-west1/repositories/gcf-artifacts","sourceProvenance":{"resolvedStorageSource":{"bucket":"gcf-v2-sources-249798889726-europe-west1","object":"geminiProxy/function-source.zip","generation":"1789057192358703"}},"dockerRegistry":"ARTIFACT_REGISTRY","serviceAccount":"projects/extension-eng/serviceAccounts/249798889726-compute@developer.gserviceaccount.com","automaticUpdatePolicy":{}},"serviceConfig":{"service":"projects/extension-eng/locations/europe-west1/services/geminiproxy","timeoutSeconds":60,"environmentVariables":{"STRIPE_BASIC_PRICE_ID":"price_1U45bvPWye8UyAN8xKC8ista","STRIPE_PRO_PRICE_ID":"price_1U46tdPWye8UyAN8jN2EpPxa","R2_ACCOUNT_ID":"94b9a2de404c8e3f8efa532d0607b5f1","R2_BUCKET_NAME":"lectoro-media","R2_PUBLIC_URL":"https://pub-ee4534784e534bd9af38ba8022bc5e1e.r2.dev","R2_ACCESS_KEY_ID":"75713468bf056703eec66c5821e564f5","FIREBASE_CONFIG":"{\"projectId\":\"extension-eng\",\"storageBucket\":\"extension-eng.firebasestorage.app\"}","GCLOUD_PROJECT":"extension-eng","EVENTARC_CLOUD_EVENT_SOURCE":"projects/extension-eng/locations/europe-west1/services/geminiProxy","FUNCTION_REGION":"europe-west1","FUNCTION_TARGET":"geminiProxy","LOG_EXECUTION_ID":"true","FUNCTION_SIGNATURE_TYPE":"http"},"maxInstanceCount":20,"ingressSettings":"ALLOW_ALL","uri":"https://geminiproxy-gyagzflbra-ew.a.run.app","serviceAccountEmail":"249798889726-compute@developer.gserviceaccount.com","availableMemory":"256Mi","allTrafficOnLatestRevision":true,"secretEnvironmentVariables":[{"key":"LECTORO_GEMINI_API_KEY","projectId":"extension-eng","secret":"LECTORO_GEMINI_API_KEY","version":"1"},{"key":"ELEVENLABS_API_KEY","projectId":"extension-eng","secret":"ELEVENLABS_API_KEY","version":"6"},{"key":"R2_SECRET_ACCESS_KEY","projectId":"extension-eng","secret":"R2_SECRET_ACCESS_KEY","version":"1"}],"revision":"geminiproxy-00066-kij","maxInstanceRequestConcurrency":80,"availableCpu":"1"},"state":"ACTIVE","updateTime":"2026-09-10T16:20:01.265775285Z","labels":{"deployment-tool":"cli-firebase","firebase-functions-hash":"380cf843c9edd60372c2fa76e6580be941a56d6b"},"environment":"GEN_2","url":"https://europe-west1-extension-eng.cloudfunctions.net/geminiProxy","createTime":"2026-08-12T15:49:40.327237569Z","satisfiesPzi":true},{"name":"projects/extension-eng/locations/europe-west1/functions/stripeCheckoutResult","buildConfig":{"build":"projects/249798889726/locations/europe-west1/builds/9f95040e-ec0c-4730-89de-b763d372aa48","runtime":"nodejs20","entryPoint":"stripeCheckoutResult","source":{"storageSource":{"bucket":"gcf-v2-sources-249798889726-europe-west1","object":"stripeCheckoutResult/function-source.zip","generation":"1789057143583923"}},"environmentVariables":{"GOOGLE_NODE_RUN_SCRIPTS":""},"dockerRepository":"projects/extension-eng/locations/europe-west1/repositories/gcf-artifacts","sourceProvenance":{"resolvedStorageSource":{"bucket":"gcf-v2-sources-249798889726-europe-west1","object":"stripeCheckoutResult/function-source.zip","generation":"1789057143583923"}},"dockerRegistry":"ARTIFACT_REGISTRY","serviceAccount":"projects/extension-eng/serviceAccounts/249798889726-compute@developer.gserviceaccount.com","automaticUpdatePolicy":{}},"serviceConfig":{"service":"projects/extension-eng/locations/europe-west1/services/stripecheckoutresult","timeoutSeconds":60,"environmentVariables":{"STRIPE_BASIC_PRICE_ID":"price_1U45bvPWye8UyAN8xKC8ista","STRIPE_PRO_PRICE_ID":"price_1U46tdPWye8UyAN8jN2EpPxa","R2_ACCOUNT_ID":"94b9a2de404c8e3f8efa532d0607b5f1","R2_BUCKET_NAME":"lectoro-media","R2_PUBLIC_URL":"https://pub-ee4534784e534bd9af38ba8022bc5e1e.r2.dev","R2_ACCESS_KEY_ID":"75713468bf056703eec66c5821e564f5","FIREBASE_CONFIG":"{\"projectId\":\"extension-eng\",\"storageBucket\":\"extension-eng.firebasestorage.app\"}","GCLOUD_PROJECT":"extension-eng","EVENTARC_CLOUD_EVENT_SOURCE":"projects/extension-eng/locations/europe-west1/services/stripeCheckoutResult","FUNCTION_REGION":"europe-west1","FUNCTION_TARGET":"stripeCheckoutResult","LOG_EXECUTION_ID":"true"},"maxInstanceCount":20,"ingressSettings":"ALLOW_ALL","uri":"https://stripecheckoutresult-gyagzflbra-ew.a.run.app","serviceAccountEmail":"249798889726-compute@developer.gserviceaccount.com","availableMemory":"256Mi","allTrafficOnLatestRevision":true,"revision":"stripecheckoutresult-00044-muc","maxInstanceRequestConcurrency":80,"availableCpu":"1"},"state":"ACTIVE","updateTime":"2026-09-10T16:19:47.510711632Z","labels":{"deployment-tool":"cli-firebase","firebase-functions-hash":"492829437f31b842d1d2c6cb61b60f3c382f329b"},"environment":"GEN_2","url":"https://europe-west1-extension-eng.cloudfunctions.net/stripeCheckoutResult","createTime":"2026-08-13T21:21:11.243723302Z","satisfiesPzi":true}]}
[info] i  extensions: ensuring required API firebaseextensions.googleapis.com is enabled... 
[debug] [2026-09-10T16:26:47.225Z] > command requires scopes: ["email","openid","https://www.googleapis.com/auth/cloudplatformprojects.readonly","https://www.googleapis.com/auth/firebase","https://www.googleapis.com/auth/cloud-platform"]
[debug] [2026-09-10T16:26:47.225Z] > authorizing via signed-in user (seovileo@gmail.com)
[debug] [2026-09-10T16:26:47.225Z] [iam] checking project extension-eng for permissions ["firebase.projects.get","firebaseextensions.instances.list"]
[debug] [2026-09-10T16:26:47.225Z] Checked if tokens are valid: true, expires at: 1789061199648
[debug] [2026-09-10T16:26:47.225Z] Checked if tokens are valid: true, expires at: 1789061199648
[debug] [2026-09-10T16:26:47.226Z] >>> [apiv2][query] POST https://cloudresourcemanager.googleapis.com/v1/projects/extension-eng:testIamPermissions [none]
[debug] [2026-09-10T16:26:47.226Z] >>> [apiv2][(partial)header] POST https://cloudresourcemanager.googleapis.com/v1/projects/extension-eng:testIamPermissions  x-goog-user-project=extension-eng
[debug] [2026-09-10T16:26:47.226Z] >>> [apiv2][body] POST https://cloudresourcemanager.googleapis.com/v1/projects/extension-eng:testIamPermissions {"permissions":["firebase.projects.get","firebaseextensions.instances.list"]}
[debug] [2026-09-10T16:26:48.079Z] <<< [apiv2][status] POST https://cloudresourcemanager.googleapis.com/v1/projects/extension-eng:testIamPermissions 200
[debug] [2026-09-10T16:26:48.079Z] <<< [apiv2][body] POST https://cloudresourcemanager.googleapis.com/v1/projects/extension-eng:testIamPermissions {"permissions":["firebase.projects.get","firebaseextensions.instances.list"]}
[debug] [2026-09-10T16:26:48.080Z] Checked if tokens are valid: true, expires at: 1789061199648
[debug] [2026-09-10T16:26:48.080Z] Checked if tokens are valid: true, expires at: 1789061199648
[debug] [2026-09-10T16:26:48.080Z] >>> [apiv2][query] GET https://firebaseextensions.googleapis.com/v1beta/projects/extension-eng/instances pageSize=100&pageToken=
[debug] [2026-09-10T16:26:49.237Z] <<< [apiv2][status] GET https://firebaseextensions.googleapis.com/v1beta/projects/extension-eng/instances 200
[debug] [2026-09-10T16:26:49.237Z] <<< [apiv2][body] GET https://firebaseextensions.googleapis.com/v1beta/projects/extension-eng/instances {"instances":[{"name":"projects/extension-eng/instances/firestore-stripe-payments","createTime":"2026-08-13T18:52:46.693220Z","updateTime":"2026-08-13T18:58:16.173305Z","state":"ACTIVE","config":{"name":"projects/extension-eng/instances/firestore-stripe-payments/configurations/b9e72207-0816-40e9-9ef6-2c4f7b8d1460","createTime":"2026-08-13T18:52:46.693220Z","source":{"name":"projects/invertase-firebase-extensions/sources/59a86599-c11b-49d3-814d-ffede4751fdd","packageUri":"https://storage.googleapis.com/firebase-extensions-packages-prod/invertase-firestore-stripe-payments-0.3.12-e9842ce5-304f-4e08-b042-d1d3da131fef.zip","hash":"33b43e09f4c86126d3c761ab1da5c2b0243a8797c204a4b4580d07e5bbc51e30","extensionRoot":"/","spec":{"specVersion":"v1beta","name":"firestore-stripe-payments","version":"0.3.12","description":"Controls access to paid content by syncing your one-time and recurring payments with Firebase Authentication.","roles":[{"role":"firebaseauth.admin","reason":"Allows the extension to set custom claims for users."},{"role":"datastore.user","reason":"Allows the extension to store customers & subscriptions in Cloud Firestore."}],"resources":[{"name":"createCustomer","type":"firebaseextensions.v1beta.function","propertiesYaml":"eventTrigger:\n  eventType: providers/firebase.auth/eventTypes/user.create\n  resource: projects/${PROJECT_ID}\nlocation: ${LOCATION}\nruntime: nodejs20\n","description":"Creates a Stripe customer object when a new user signs up.","deletionPolicy":"DELETE"},{"name":"createCheckoutSession","type":"firebaseextensions.v1beta.function","propertiesYaml":"eventTrigger:\n  eventType: providers/cloud.firestore/eventTypes/document.create\n  resource: projects/${PROJECT_ID}/databases/(default)/documents/${CUSTOMERS_COLLECTION}/{uid}/checkout_sessions/{id}\nlocation: ${LOCATION}\nruntime: nodejs20\n","description":"Creates a Checkout session to collect the customer's payment details.","deletionPolicy":"DELETE"},{"name":"createPortalLink","type":"firebaseextensions.v1beta.function","propertiesYaml":"httpsTrigger: {}\nlocation: ${LOCATION}\nruntime: nodejs20\n","description":"Creates links to the customer portal for the user to manage their payment & subscription details.","deletionPolicy":"DELETE"},{"name":"handleWebhookEvents","type":"firebaseextensions.v1beta.function","propertiesYaml":"httpsTrigger: {}\nlocation: ${LOCATION}\nruntime: nodejs20\n","description":"Handles Stripe webhook events to keep subscription statuses in sync and update custom claims.","deletionPolicy":"DELETE"},{"name":"onUserDeleted","type":"firebaseextensions.v1beta.function","propertiesYaml":"eventTrigger:\n  eventType: providers/firebase.auth/eventTypes/user.delete\n  resource: projects/${PROJECT_ID}\nlocation: ${LOCATION}\nruntime: nodejs20\n","description":"Deletes the Stripe customer object and cancels all their subscriptions when the user is deleted in Firebase Authentication.","deletionPolicy":"DELETE"},{"name":"onCustomerDataDeleted","type":"firebaseextensions.v1beta.function","propertiesYaml":"eventTrigger:\n  eventType: providers/cloud.firestore/eventTypes/document.delete\n  resource: projects/${PROJECT_ID}/databases/(default)/documents/${CUSTOMERS_COLLECTION}/{uid}\nlocation: ${LOCATION}\nruntime: nodejs20\n","description":"Deletes the Stripe customer object and cancels all their subscriptions when the customer doc in Cloud Firestore is deleted.","deletionPolicy":"DELETE"}],"billingRequired":true,"author":{"authorName":"Invertase","url":"https://invertase.io"},"contributors":[{"authorName":"Thorsten Schaeff","url":"https://twitter.com/thorwebdev"},{"authorName":"Firebase","url":"https://firebase.google.com"}],"license":"Apache-2.0","releaseNotesUrl":"https://github.com/stripe/stripe-firebase-extensions/tree/master/firestore-stripe-payments/CHANGELOG.md","sourceUrl":"https://github.com/stripe/stripe-firebase-extensions/tree/master/firestore-stripe-payments","params":[{"param":"LOCATION","label":"Cloud Functions deployment location","type":"SELECT","description":"Where do you want to deploy the functions created for this extension? You usually want a location close to your database. For help selecting a location, refer to the [location selection guide](https://firebase.google.com/docs/functions/locations).","required":true,"options":[{"value":"us-central1","label":"Iowa (us-central1)"},{"value":"us-east1","label":"South Carolina (us-east1)"},{"value":"us-east4","label":"Northern Virginia (us-east4)"},{"value":"us-west1","label":"Oregon (us-west1)"},{"value":"us-west2","label":"Los Angeles (us-west2)"},{"value":"us-west3","label":"Salt Lake City (us-west3)"},{"value":"us-west4","label":"Las Vegas (us-west4)"},{"value":"europe-central2","label":"Warsaw (europe-central2)"},{"value":"europe-west1","label":"Belgium (europe-west1)"},{"value":"europe-west2","label":"London (europe-west2)"},{"value":"europe-west3","label":"Frankfurt (europe-west3)"},{"value":"europe-west6","label":"Zurich (europe-west6)"},{"value":"asia-east2","label":"Hong Kong (asia-east2)"},{"value":"asia-northeast1","label":"Tokyo (asia-northeast1)"},{"value":"asia-northeast2","label":"Osaka (asia-northeast2)"},{"value":"asia-northeast3","label":"Seoul (asia-northeast3)"},{"value":"asia-south1","label":"Mumbai (asia-south1)"},{"value":"asia-southeast2","label":"Jakarta (asia-southeast2)"},{"value":"northamerica-northeast1","label":"Montreal (northamerica-northeast1)"},{"value":"southamerica-east1","label":"Sao Paulo (southamerica-east1)"},{"value":"australia-southeast1","label":"Sydney (australia-southeast1)"}],"default":"us-central1","immutable":true},{"param":"PRODUCTS_COLLECTION","label":"Products and pricing plans collection","type":"STRING","description":"What is the path to the Cloud Firestore collection where the extension should store Stripe pricing plans?","required":true,"default":"products","validationRegex":"^[^/]+(/[^/]+/[^/]+)*$","validationErrorMessage":"Firestore collection paths must be an odd number of segments separated by slashes, e.g. \"path/to/collection\"."},{"param":"CUSTOMERS_COLLECTION","label":"Customer details and subscriptions collection","type":"STRING","description":"What is the path to the Cloud Firestore collection where the extension should store Stripe customer details? This can be the location of an existing user collection, the extension will not overwrite your existing data but rather merge the Stripe data into your existing `uid` docs.","required":true,"default":"customers","validationRegex":"^[^/]+(/[^/]+/[^/]+)*$","validationErrorMessage":"Firestore collection paths must be an odd number of segments separated by slashes, e.g. \"path/to/collection\"."},{"param":"STRIPE_CONFIG_COLLECTION","label":"Stripe configuration collection","type":"STRING","description":"What is the path to the Cloud Firestore collection where the extension should store Stripe configuration?","default":"configuration","validationRegex":"^[^/]+(/[^/]+/[^/]+)*$","validationErrorMessage":"Firestore collection paths must be an odd number of segments separated by slashes, e.g. \"path/to/collection\"."},{"param":"SYNC_USERS_ON_CREATE","label":"Sync new users to Stripe customers and Cloud Firestore","type":"SELECT","description":"Do you want to automatically sync new users to customer objects in Stripe? If set to 'Sync', the extension will create a new customer object in Stripe and add a new doc to the customer collection in Firestore when a new user signs up via Firebase Authentication. If set to 'Do not sync' (default), the extension will create the customer object \"on the fly\" with the first checkout session creation.","required":true,"options":[{"value":"Do not sync","label":"Do not sync"},{"value":"Sync","label":"Sync"}],"default":"Do not sync"},{"param":"DELETE_STRIPE_CUSTOMERS","label":"Automatically delete Stripe customer objects","type":"SELECT","description":"Do you want to automatically delete customer objects in Stripe? When a user is deleted in Firebase Authentication or in Cloud Firestore and set to 'Auto delete' the extension will delete their customer object in Stripe which will immediately cancel all subscriptions for the user.","required":true,"options":[{"value":"Do not delete","label":"Do not delete"},{"value":"Auto delete","label":"Auto delete"}],"default":"Do not delete"},{"param":"STRIPE_API_KEY","label":"Stripe API key with restricted access","type":"SECRET","description":"What is your Stripe API key? We recommend creating a new [restricted key](https://stripe.com/docs/keys#limit-access) with write access only for the \"Customers\", \"Checkout Sessions\" and \"Customer portal\" resources. And read-only access for the \"Subscriptions\" and \"Prices\" resources.","required":true,"example":"rk_live_1234567890"},{"param":"STRIPE_WEBHOOK_SECRET","label":"Stripe webhook secret","type":"SECRET","description":"This is your signing secret for a Stripe-registered webhook. This webhook can only be registered after installation. Leave this value untouched during installation, then follow the postinstall instructions for registering your webhook and configuring this value.","example":"whsec_1234567890"},{"param":"CREATE_CHECKOUT_SESSION_MIN_INSTANCES","label":"Minimum instances for createCheckoutSession function","type":"STRING","description":"Set the minimum number of function instances that should be always be available to create Checkout Sessions. This number can be adjusted to reduce cold starts and increase the responsiveness of Checkout Session creation requests. Suggested values are 0 or 1. Please note this setting will likely incur billing costss, see the [Firebase documentation](https://firebase.google.com/docs/functions/manage-functions#reduce_the_number_of_cold_starts) for more information.","required":true,"default":"0"}],"preinstallContent":"Use this extension as a backend for your [Stripe](https://www.stripe.com/) payments.\n\nThe extension supports multiple use cases:\n\n- Process one-time payments with [Stripe Checkout](https://stripe.com/docs/payments/checkout) on the web.\n- Create subscriptions for your users and manage access control via Firebase Authentication.\n- Process payments & set up payment methods with the mobile payment sheet on [Android](https://stripe.com/docs/payments/accept-a-payment?platform=android&ui=payment-sheet), [iOS](https://stripe.com/docs/payments/accept-a-payment?platform=ios&ui=payment-sheet), or with [React Native](https://stripe.com/docs/payments/accept-a-payment?platform=react-native&ui=payment-sheet).\n\n#### Subscription payments with Stripe Checkout\n\nUsers can sign-up for your digital goods and paid content with Stripe Checkout and manage their subscriptions with the Stripe customer portal.\n\nThis extension syncs customers' subscription status with your Cloud Firestore and adds custom claims using Firebase Authentication for convenient access control in your application.\n\nThe design for Stripe Checkout and the customer portal can be customized in your Stripe Dashboard [branding settings](https://dashboard.stripe.com/settings/branding). See this example which is customized to match the Firebase color scheme:\n\n![Stripe Checkout Page](https://storage.googleapis.com/stripe-subscriptions-firebase-screenshots/firebase-stripe-subs-checkout.png)\n![Stripe Customer Portal](https://storage.googleapis.com/stripe-subscriptions-firebase-screenshots/firebase-stripe-subs-customer-portal.png)\n\n#### Recommended usage\n\nIf you're building on the web platform, you can use this extension for any of your payment use cases.\n\nIf you're developing native mobile applications and you're selling digital products or services within your app, (e.g. subscriptions, in-game currencies, game levels, access to premium content, or unlocking a full version), you must use the app store's in-app purchase APIs. See [Apple's](https://developer.apple.com/app-store/review/guidelines/#payments) and [Google's](https://support.google.com/googleplay/android-developer/answer/9858738?hl=en&ref_topic=9857752) guidelines for more information.\n\nFor all other scenarios you can use the [stripe-android](https://github.com/stripe/stripe-android), [stripe-ios](https://github.com/stripe/stripe-ios), [stripe-react-native](https://github.com/stripe/stripe-react-native), or [flutter_stripe](https://github.com/flutter-stripe/flutter_stripe) SDKs.\n\n#### Client SDK\n\nYou can use the [`@invertase/firestore-stripe-payments`](https://github.com/invertase/stripe-firebase-extensions/blob/next/firestore-stripe-web-sdk/README.md)\nJavaScript package to easily access this extension from web clients. This client SDK provides\nTypeScript type definitions and high-level convenience APIs for most common operations client\napplications would want to implement using the extension.\n\nUse a package manager like NPM to install the above package, and use it in conjunction with\nthe Firebase Web SDK.\n\n### Events\n\nThis extension emits events, which allows you to listen to and run custom logic at different trigger points during the functioning of the extension. For example you can listen to events when a product has been added via the `product.created` event, or whenever a payment has succeeded through the `invoice.payment_succeeded` event.\n\n#### Additional setup\n\nBefore installing this extension, set up the following Firebase services in your Firebase project:\n\n- [Cloud Firestore](https://firebase.google.com/docs/firestore) to store customer & subscription details.\n  - Follow the steps in the [documentation](https://firebase.google.com/docs/firestore/quickstart#create) to create a Cloud Firestore database.\n- [Firebase Authentication](https://firebase.google.com/docs/auth) to enable different sign-up options for your users.\n  - Enable the sign-in methods in the [Firebase console](https://console.firebase.google.com/project/_/authentication/providers) that you want to offer your users.\n\nThen, in the [Stripe Dashboard](https://dashboard.stripe.com):\n\n- Create a new [restricted key](https://stripe.com/docs/keys#limit-access) with write access for the \"Customers\", \"Checkout Sessions\" and \"Customer portal\" resources, and read-only access for the \"Subscriptions\" and \"Prices\" resources.\n\n#### Billing\n\nThis extension uses the following Firebase services which may have associated charges:\n\n- Cloud Firestore\n- Cloud Functions\n- Cloud Secret Manager\n- Firebase Authentication\n- If you enable events [Eventarc fees apply](https://cloud.google.com/eventarc/pricing).\n\nThis extension also uses the following third-party services:\n\n- Stripe Payments ([pricing information](https://stripe.com/pricing))\n- Stripe Billing (when using subscriptions. [pricing information](https://stripe.com/pricing#billing-pricing))\n\nYou are responsible for any costs associated with your use of these services.\n\n#### Note from Firebase\n\nTo install this extension, your Firebase project must be on the Blaze (pay-as-you-go) plan. You will only be charged for the resources you use. Most Firebase services offer a free tier for low-volume use. [Learn more about Firebase billing.](https://firebase.google.com/pricing)\n\nStarting August 17 2020, you will be billed a small amount (typically less than $0.10) when you install or reconfigure this extension. See the [Cloud Functions for Firebase billing FAQ](https://firebase.google.com/support/faq#expandable-15) for a detailed explanation.\n","postinstallContent":"### Client SDK\n\nYou can use the [`@invertase/firestore-stripe-payments`](https://github.com/invertase/stripe-firebase-extensions/blob/next/firestore-stripe-web-sdk/README.md)\nJavaScript package to easily access this extension from web clients. This client SDK provides\nTypeScript type definitions and high-level convenience APIs for most common operations client\napplications would want to implement using the extension.\n\nUse a package manager like NPM to install the above package, and use it in conjunction with\nthe Firebase Web SDK.\n\n### Configuring the extension\n\nBefore you proceed, make sure you have the following Firebase services set up:\n\n- [Cloud Firestore](https://firebase.google.com/docs/firestore) to store customer & subscription details.\n  - Follow the steps in the [documentation](https://firebase.google.com/docs/firestore/quickstart#create) to create a Cloud Firestore database.\n- [Firebase Authentication](https://firebase.google.com/docs/auth) to enable different sign-up options for your users.\n  - Enable the sign-in methods in the [Firebase console](https://console.firebase.google.com/project/_/authentication/providers) that you want to offer your users.\n\n#### Set your Cloud Firestore security rules\n\nIt is crucial to limit data access to authenticated users only and for users to only be able to see their own information. For product and pricing information it is important to disable write access for client applications. Use the rules below to restrict access as recommended in your project's [Cloud Firestore rules](https://console.firebase.google.com/project/${param:PROJECT_ID}/firestore/rules):\n\n```\nrules_version = '2';\nservice cloud.firestore {\n  match /databases/{database}/documents {\n    match /${param:CUSTOMERS_COLLECTION}/{uid} {\n      allow read: if request.auth.uid == uid;\n\n      match /checkout_sessions/{id} {\n        allow read, write: if request.auth.uid == uid;\n      }\n      match /subscriptions/{id} {\n        allow read: if request.auth.uid == uid;\n      }\n      match /payments/{id} {\n        allow read: if request.auth.uid == uid;\n      }\n    }\n\n    match /${param:PRODUCTS_COLLECTION}/{id} {\n      allow read: if true;\n\n      match /prices/{id} {\n        allow read: if true;\n      }\n\n      match /tax_rates/{id} {\n        allow read: if true;\n      }\n    }\n  }\n}\n```\n\n#### Configure Stripe webhooks\n\nYou need to set up a webhook that synchronizes relevant details from Stripe with your Cloud Firestore. This includes product and pricing data from the Stripe Dashboard, as well as customer's subscription details.\n\nHere's how to set up the webhook and configure your extension to use it:\n\n1. Configure your webhook:\n\n   1. Go to the [Stripe dashboard.](https://dashboard.stripe.com/webhooks)\n\n   2. Use the URL of your extension's function as the endpoint URL. Here's your function's URL: `${function:handleWebhookEvents.url}`\n\n   3. Select the following events:\n\n   - `product.created`\n   - `product.updated`\n   - `product.deleted`\n   - `price.created`\n   - `price.updated`\n   - `price.deleted`\n   - `checkout.session.completed`\n   - `customer.subscription.created`\n   - `customer.subscription.updated`\n   - `customer.subscription.deleted`\n   - `payment_intent.processing`\n   - `payment_intent.succeeded`\n   - `payment_intent.canceled`\n   - `payment_intent.payment_failed`\n   - `tax_rate.created` (optional)\n   - `tax_rate.updated` (optional)\n   - `invoice.paid` (optional, will sync invoices to Cloud Firestore)\n   - `invoice.payment_succeeded` (optional, will sync invoices to Cloud Firestore)\n   - `invoice.payment_failed` (optional, will sync invoices to Cloud Firestore)\n   - `invoice.upcoming` (optional, will sync invoices to Cloud Firestore)\n   - `invoice.marked_uncollectible` (optional, will sync invoices to Cloud Firestore)\n   - `invoice.payment_action_required` (optional, will sync invoices to Cloud Firestore)\n\n2. Using the Firebase console or Firebase CLI, [reconfigure](https://console.firebase.google.com/project/${param:PROJECT_ID}/extensions/instances/${param:EXT_INSTANCE_ID}?tab=config) your extension with your webhook's signing secret (such as, `whsec_12345678`). Enter the value in the parameter called `Stripe webhook secret`. Make sure you scroll back to the top of the Extension configuration page and click 'Save' otherwise your Stripe webhook secret will not be saved.\n\n#### Create product and pricing information (only required when building on the web platform)\n\nFor Stripe to automatically bill your users for recurring payments, you need to create your product and pricing information in the [Stripe Dashboard](https://dashboard.stripe.com/test/products). When you create or update your product and price information in the Stripe Dashboard these details are automatically synced with your Cloud Firestore, as long as the webhook is configured correctly as described above.\n\nThe extension currently supports pricing plans that bill a predefined amount at a specific interval. More complex plans (e.g. different pricing tiers or seats) are not yet supported. If you'd like to see support for these, please open a [feature request issue](https://github.com/stripe/stripe-firebase-extensions/issues/new/choose) with details about your business model and pricing plans.\n\nFor example, this extension works well for business models with different access level tiers, e.g.:\n\n- Product 1: Basic membership\n  - Price 1: 10 USD per month\n  - Price 2: 100 USD per year\n  - Price 3: 8 GBP per month\n  - Price 4: 80 GBP per year\n  - [...]: additional currency and interval combinations\n- Product 2: Premium membership\n  - Price 1: 20 USD per month\n  - Price 2: 200 USD per year\n  - Price 3: 16 GBP per month\n  - Price 4: 160 GBP per year\n  - [...]: additional currency and interval combinations\n\n#### Assign custom claim roles to products (only used for subscriptions)\n\nIf you want users to get assigned a [custom claim role](https://firebase.google.com/docs/auth/admin/custom-claims) to give them access to certain data when subscribed to a specific product, you can set a `firebaseRole` metadata value on the Stripe product ([see screenshot](https://www.gstatic.com/mobilesdk/200710_mobilesdk/ext_stripe_subscription_post_install.png)).\n\nThe value you set for `firebaseRole` (e.g. \"premium\" in the screenshot above) will be set as a custom claim `stripeRole` on the user. This allows you to [set specific security access rules](https://firebase.googleblog.com/2019/03/firebase-security-rules-admin-sdk-tips.html) based on the user's roles, or [limit access to certain pages](https://firebase.google.com/docs/auth/admin/custom-claims#access_custom_claims_on_the_client). For example if you have one `basic` role and one `premium` role you could add the following to your Cloud Firestore rules:\n\n```\nrules_version = '2';\nservice cloud.firestore {\n  match /databases/{database}/documents {\n    function hasBasicSubs() {\n      return request.auth.token.stripeRole == \"basic\";\n    }\n\n    function hasPremiumSubs() {\n      return request.auth.token.stripeRole == \"premium\";\n    }\n\n    match /content-basic/{doc} {\n      allow read: if hasBasicSubs() || hasPremiumSubs();\n    }\n    match /content-premium/{doc} {\n      allow read: if hasPremiumSubs();\n    }\n  }\n}\n```\n\nAlternatively you can validate their role client-side with the JavaScript SDK. When doing so you need to make sure to force-refresh the user token:\n\n```js\nimport { getAuth } from 'firebase/auth';\n\nasync function getCustomClaimRole() {\n  const auth = getAuth();\n  await auth.currentUser?.getIdToken(true);\n  const decodedToken = await auth.currentUser?.getIdTokenResult();\n  return decodedToken?.claims.stripeRole;\n}\n```\n\n#### Configure the Stripe customer portal (only used for subscriptions)\n\n1. Set your custom branding in the [settings](https://dashboard.stripe.com/settings/branding).\n2. Configure the Customer Portal [settings](https://dashboard.stripe.com/test/settings/billing/portal).\n3. Toggle on \"Allow customers to update their payment methods\".\n4. Toggle on \"Allow customers to update subscriptions\".\n5. Toggle on \"Allow customers to cancel subscriptions\".\n6. Add the products and prices that you want to allow customer to switch between.\n7. Set up the required business information and links.\n\n### Using the extension\n\nOnce you've configured the extension you can add payments and access control to your websites and mobile apps fully client-side with the corresponding Firebase SDKs. You can experience a subscriptions demo application at [https://stripe-subs-ext.web.app](https://stripe-subs-ext.web.app/) and find the demo source code on [GitHub](https://github.com/stripe-samples/firebase-subscription-payments);\n\n#### Sign-up users with Firebase Authentication\n\nThe quickest way to sign-up new users is by using the [FirebaseUI library](https://firebase.google.com/docs/auth/web/firebaseui). Follow the steps outlined in the official docs. When configuring the extension you can choose to 'Sync' new users to Stripe. If set to 'Sync', the extension listens to new users signing up and then automatically creates a Stripe customer object and a customer record in your Cloud Firestore. If set to 'Do not sync' (default), the extension will create the customer object \"on the fly\" with the first checkout session creation.\n\n#### List available products and prices\n\nProducts and pricing information are normal collections and docs in your Cloud Firestore and can be queried as such:\n\n```js\nimport { collection, query, where, getDocs } from 'firebase/firestore';\nimport { getFirestore } from 'firebase/firestore';\n\nconst db = getFirestore();\n\nconst productsQuery = query(\n  collection(db, \"${param:PRODUCTS_COLLECTION}\"),\n  where(\"active\", \"==\", true)\n);\n\nconst querySnapshot = await getDocs(productsQuery);\nquerySnapshot.forEach(async (doc) => {\n  console.log(doc.id, \" => \", doc.data());\n  const priceSnap = await getDocs(collection(doc.ref, \"prices\"));\n  priceSnap.forEach((priceDoc) => {\n    console.log(priceDoc.id, \" => \", priceDoc.data());\n  });\n});\n```\n\n### One-time payments on the web\n\nYou can create Checkout Sessions for one-time payments when referencing a one-time price ID. One-time payments will be synced to Cloud Firestore into a payments collection for the relevant customer doc if you update your webhook handler in the Stripe dashboard to include the following events: `payment_intent.succeeded`, `payment_intent.payment_failed`, `payment_intent.canceled`, `payment_intent.processing`.\n\nTo create a Checkout Session ID for a one-time payment, pass `mode: 'payment'` to the Checkout Session doc creation:\n\n```js\nimport { collection, doc, addDoc } from 'firebase/firestore';\nimport { getFirestore } from 'firebase/firestore';\n\nconst db = getFirestore();\n\nconst docRef = await addDoc(\n  collection(\n    db,\n    \"${param:CUSTOMERS_COLLECTION}\",\n    currentUser.uid,\n    \"checkout_sessions\"\n  ),\n  {\n    mode: \"payment\",\n    price: \"price_1GqIC8HYgolSBA35zoTTN2Zl\", // One-time price created in Stripe\n    success_url: window.location.origin,\n    cancel_url: window.location.origin,\n  }\n);\n```\n\n### Mobile payments (with the mobile payment sheet on iOS and Android)\n\n#### One-time payments\n\nTo create a one time payment in your mobile application, create a new doc in your `${param:CUSTOMERS_COLLECTION}/{uid}/checkout_sessions` collection with the following parameters:\n\n- client: 'mobile'\n- mode: 'payment'\n- amount: [{payment amount}](https://stripe.com/docs/api/payment_intents/object#payment_intent_object-amount)\n- currency: [{currency code}](https://stripe.com/docs/api/payment_intents/object#payment_intent_object-currency)\n\nThen listen for the extension to append `paymentIntentClientSecret`, `ephemeralKeySecret`, and `customer` to the doc and use these to [integrate the mobile payment sheet](https://stripe.com/docs/payments/accept-a-payment?platform=ios&ui=payment-sheet).\n\n#### Set up a payment method for future usage\n\nYou can collect a payment method from your customer to charge it at a later point in time. To do so create a new doc in your `${param:CUSTOMERS_COLLECTION}/{uid}/checkout_sessions` collection with the following parameters:\n\n- client: 'mobile'\n- mode: 'setup'\n\nThen listen for the extension to append `setupIntentClientSecret`, `ephemeralKeySecret`, and `customer` to the doc and use these to [integrate the mobile payment sheet](https://stripe.com/docs/payments/accept-a-payment?platform=ios&ui=payment-sheet).\n\n### Subscription payments (web only)\n\n#### Start a subscription with Stripe Checkout\n\nTo subscribe the user to a specific pricing plan, create a new doc in the `checkout_sessions` collection for the user. The extension will update the doc with a Stripe Checkout session ID which you then use to redirect the user to the checkout page.\n\n```js\nimport { collection, doc, addDoc, onSnapshot } from 'firebase/firestore';\nimport { getFirestore } from 'firebase/firestore';\n\nconst db = getFirestore();\n\nconst docRef = await addDoc(\n  collection(\n    db,\n    \"${param:CUSTOMERS_COLLECTION}\",\n    currentUser.uid,\n    \"checkout_sessions\"\n  ),\n  {\n    price: \"price_1GqIC8HYgolSBA35zoTTN2Zl\",\n    success_url: window.location.origin,\n    cancel_url: window.location.origin,\n  }\n);\n\n// Wait for the CheckoutSession to get attached by the extension\nonSnapshot(docRef, (snap) => {\n  const { error, url } = snap.data();\n  if (error) {\n    // Show an error to your customer and\n    // inspect your Cloud Function logs in the Firebase console.\n    alert(`An error occured: ${error.message}`);\n  }\n  if (url) {\n    // We have a Stripe Checkout URL, let's redirect.\n    window.location.assign(url);\n  }\n});\n```\n\n#### Handling trials\n\nYou can specify subscription trial period when creating the checkout session by using the `trial_period_days` parameter. Refer to the [docs](https://stripe.com/docs/payments/checkout/free-trials) for a detailed guide on free trials and how to set them up.\n\n```js\nimport { collection, doc, addDoc } from 'firebase/firestore';\nimport { getFirestore } from 'firebase/firestore';\n\nconst db = getFirestore();\n\nconst docRef = await addDoc(\n  collection(\n    db,\n    \"${param:CUSTOMERS_COLLECTION}\",\n    currentUser.uid,\n    \"checkout_sessions\"\n  ),\n  {\n    price: \"price_1GqIC8HYgolSBA35zoTTN2Zl\",\n    trial_period_days: 7,\n    success_url: window.location.origin,\n    cancel_url: window.location.origin,\n  }\n);\n```\n\n#### Applying discount, coupon, promotion codes\n\nYou can create customer-facing promotion codes in the [Stripe Dashboard](https://dashboard.stripe.com/coupons/create). Refer to the [docs](https://stripe.com/docs/billing/subscriptions/discounts/codes) for a detailed guide on how to set these up.\n\nIn order for the promotion code redemption box to show up on the checkout page, set `allow_promotion_codes: true` when creating the `checkout_sessions` document:\n\n```js\nimport { collection, doc, addDoc } from 'firebase/firestore';\nimport { getFirestore } from 'firebase/firestore';\n\nconst db = getFirestore();\n\nconst docRef = await addDoc(\n  collection(\n    db,\n    \"${param:CUSTOMERS_COLLECTION}\",\n    currentUser.uid,\n    \"checkout_sessions\"\n  ),\n  {\n    price: \"price_1GqIC8HYgolSBA35zoTTN2Zl\",\n    allow_promotion_codes: true,\n    success_url: window.location.origin,\n    cancel_url: window.location.origin,\n  }\n);\n```\n\n#### Applying promotion codes programmatically\n\nYou can set a [promotion code](https://stripe.com/docs/billing/subscriptions/discounts/codes) to be applied to the checkout session without the customer needing to input it.\n\n**_NOTE_**: anyone with access to a promotion code ID would be able to apply it to their checkout session. Therefore make sure to limit your promotion codes and archive any codes you don't want to offer anymore.\n\n```js\nimport { collection, doc, addDoc } from 'firebase/firestore';\nimport { getFirestore } from 'firebase/firestore';\n\nconst db = getFirestore();\n\nconst docRef = await addDoc(\n  collection(\n    db,\n    \"${param:CUSTOMERS_COLLECTION}\",\n    currentUser.uid,\n    \"checkout_sessions\"\n  ),\n  {\n    promotion_code: \"promo_1HCrfVHYgolSBA35b1q98MNk\",\n    price: \"price_1GqIC8HYgolSBA35zoTTN2Zl\",\n    success_url: window.location.origin,\n    cancel_url: window.location.origin,\n  }\n);\n```\n\n#### Automatic tax calculation with [Stripe Tax](https://stripe.com/tax)\n\nStripe Tax lets you calculate and collect sales tax, VAT, and GST. Know where to register, automatically collect the right amount of tax, and access the reports you need to file returns.\n\n1. Request access: https://stripe.com/tax#request-access\n2. Set up Stripe Tax in the Dashboard: https://stripe.com/docs/tax/set-up\n3. Enable automatic tax calculation when creating your `checkout_sessions` docs:\n\n```js\nimport { collection, doc, addDoc } from 'firebase/firestore';\nimport { getFirestore } from 'firebase/firestore';\n\nconst db = getFirestore();\n\nconst docRef = await addDoc(\n  collection(\n    db,\n    \"${param:CUSTOMERS_COLLECTION}\",\n    currentUser.uid,\n    \"checkout_sessions\"\n  ),\n  {\n    automatic_tax: true, // Automatically calculate tax based on the customer's address\n    tax_id_collection: true, // Collect the customer's tax ID (important for B2B transactions)\n    price: \"price_1GqIC8HYgolSBA35zoTTN2Zl\",\n    success_url: window.location.origin,\n    cancel_url: window.location.origin,\n  }\n);\n```\n\n#### Applying tax rates dynamically\n\nStripe Checkout supports applying the correct tax rate for customers in US, GB, AU, and all countries in the EU. With [dynamic tax rates](https://stripe.com/docs/billing/subscriptions/taxes#adding-tax-rates-to-checkout), you create tax rates for different regions (e.g., a 20% VAT tax rate for customers in the UK and a 7.25% sales tax rate for customers in California, US) and Stripe attempts to match your customer's location to one of those tax rates.\n\n```js\nimport { collection, doc, addDoc } from 'firebase/firestore';\nimport { getFirestore } from 'firebase/firestore';\n\nconst db = getFirestore();\n\nconst docRef = await addDoc(\n  collection(\n    db,\n    \"${param:CUSTOMERS_COLLECTION}\",\n    currentUser.uid,\n    \"checkout_sessions\"\n  ),\n  {\n    line_items: [\n      {\n        price: \"price_1HCUD4HYgolSBA35icTHEXd5\",\n        quantity: 1,\n        dynamic_tax_rates: [\n          \"txr_1IJJtvHYgolSBA35ITTBOaew\",\n          \"txr_1Hlsk0HYgolSBA35rlraUVWO\",\n          \"txr_1HCshzHYgolSBA35WkPjzOOi\",\n        ],\n      },\n    ],\n    success_url: window.location.origin,\n    cancel_url: window.location.origin,\n  }\n);\n```\n\n#### Applying static tax rates\n\nYou can collect and report taxes with [Tax Rates](https://stripe.com/docs/billing/taxes/tax-rates). To apply tax rates to the subscription, you first need to create your tax rates in the [Stripe Dashboard](https://dashboard.stripe.com/tax-rates). When creating a new `checkout_sessions` document, specify the optional `tax_rates` list with [up to five](https://stripe.com/docs/billing/taxes/tax-rates#using-multiple-tax-rates) tax rate IDs:\n\n```js\nimport { collection, doc, addDoc } from 'firebase/firestore';\nimport { getFirestore } from 'firebase/firestore';\n\nconst db = getFirestore();\n\nconst docRef = await addDoc(\n  collection(\n    db,\n    \"${param:CUSTOMERS_COLLECTION}\",\n    currentUser.uid,\n    \"checkout_sessions\"\n  ),\n  {\n    price: \"price_1GqIC8HYgolSBA35zoTTN2Zl\",\n    tax_rates: [\"txr_1HCjzTHYgolSBA35m0e1tJN5\"],\n    success_url: window.location.origin,\n    cancel_url: window.location.origin,\n  }\n);\n```\n\n#### Collecting a shipping address during checkout\n\nTo collect a shipping address from your customer during checkout, you need to create a `shipping_countries` doc in your `products` collection. This doc needs to have a field called `allowed_countries` which needs to be an array. In this array, add the country codes for the countries that you ship to. You can find a list of supported countries [here](https://stripe.com/docs/api/checkout/sessions/create#create_checkout_session-shipping_address_collection-allowed_countries).\n\nSecondly, you need to add `collect_shipping_address: true` to the Checkout Session doc creation:\n\n```js\nimport { collection, doc, addDoc } from 'firebase/firestore';\nimport { getFirestore } from 'firebase/firestore';\n\nconst db = getFirestore();\n\nconst docRef = await addDoc(\n  collection(\n    db,\n    \"${param:CUSTOMERS_COLLECTION}\",\n    currentUser.uid,\n    \"checkout_sessions\"\n  ),\n  {\n    collect_shipping_address: true,\n    price: \"price_1GqIC8HYgolSBA35zoTTN2Zl\",\n    success_url: window.location.origin,\n    cancel_url: window.location.origin,\n  }\n);\n```\n\n#### Setting metadata on the subscription\n\nYou can optionally set a metadata object with key-value pairs when creating the checkout session. This can be useful for storing additional information about the customer's subscription. This metadata will be synced to both the Stripe subscription object (making it searchable in the Stripe Dashboard) and the subscription document in the Cloud Firestore.\n\n```js\nimport { collection, doc, addDoc } from 'firebase/firestore';\nimport { getFirestore } from 'firebase/firestore';\n\nconst db = getFirestore();\n\nconst docRef = await addDoc(\n  collection(\n    db,\n    \"${param:CUSTOMERS_COLLECTION}\",\n    currentUser.uid,\n    \"checkout_sessions\"\n  ),\n  {\n    price: \"price_1GqIC8HYgolSBA35zoTTN2Zl\",\n    success_url: window.location.origin,\n    cancel_url: window.location.origin,\n    metadata: {\n      item: \"item001\",\n    },\n  }\n);\n```\n\n#### Adding multiple prices, including one-time setup fees\n\nIn addition to recurring prices, you can add one-time prices. These will only be on the initial invoice. This is useful for adding setup fees or other one-time fees associated with a subscription. To do so you will need to pass a `line_items` array instead:\n\n```js\nimport { collection, doc, addDoc } from 'firebase/firestore';\nimport { getFirestore } from 'firebase/firestore';\n\nconst db = getFirestore();\n\nconst docRef = await addDoc(\n  collection(\n    db,\n    \"${param:CUSTOMERS_COLLECTION}\",\n    currentUser.uid,\n    \"checkout_sessions\"\n  ),\n  {\n    line_items: [\n      {\n        price: \"price_1HCUD4HYgolSBA35icTHEXd5\", // RECURRING_PRICE_ID\n        quantity: 1,\n        tax_rates: [\"txr_1HCjzTHYgolSBA35m0e1tJN5\"],\n      },\n      {\n        price: \"price_1HEtgDHYgolSBA35LMkO3ExX\", // ONE_TIME_PRICE_ID\n        quantity: 1,\n        tax_rates: [\"txr_1HCjzTHYgolSBA35m0e1tJN5\"],\n      },\n    ],\n    success_url: window.location.origin,\n    cancel_url: window.location.origin,\n  }\n);\n```\n\n**_NOTE_**: If you specify more than one recurring price in the `line_items` array, the subscription object in Cloud Firestore will list all recurring prices in the `prices` array. The `price` attribute on the subscription in Cloud Firestore will be equal to the first item in the `prices` array: `price === prices[0]`.\n\nNote that the Stripe customer portal currently does not support changing subscriptions with multiple recurring prices. In this case the portal will only offer the option to cancel the subscription.\n\n#### Start a subscription via the Stripe Dashboard or API\n\nSince version `0.1.7` the extension also syncs subscriptions that were not created via Stripe Checkout, e.g. via the [Stripe Dashboard](https://support.stripe.com/questions/create-update-and-schedule-subscriptions) or [via Elements and the API](https://stripe.com/docs/billing/subscriptions/fixed-price).\n\nIn order for this to work, Firebase Authentication users need to be synced with Stripe customer objects and the customers collection in Cloud Firestore (new configuration added in version `0.1.7`).\n\n#### Get the customer's subscription\n\nSubscription details are synced to the `subscriptions` sub-collection in the user's corresponding customer doc.\n\n```js\nimport { collection, query, where, onSnapshot } from 'firebase/firestore';\nimport { getFirestore } from 'firebase/firestore';\n\nconst db = getFirestore();\n\nconst subscriptionsQuery = query(\n  collection(db, \"${param:CUSTOMERS_COLLECTION}\", currentUser.uid, \"subscriptions\"),\n  where(\"status\", \"in\", [\"trialing\", \"active\"])\n);\n\nonSnapshot(subscriptionsQuery, (snapshot) => {\n  // In this implementation we only expect one active or trialing subscription to exist.\n  const doc = snapshot.docs[0];\n  console.log(doc.id, \" => \", doc.data());\n});\n```\n\n#### Redirect to the customer portal\n\nOnce a customer is subscribed you should show them a button to access the customer portal to view their invoices and manage their payment & subscription details. When the user clicks that button, call the `createPortalLink` function to get a portal link for them, then redirect them.\n\n```js\nimport { getFunctions, httpsCallable } from 'firebase/functions';\n\nconst functions = getFunctions();\nconst createPortalLink = httpsCallable(functions, 'ext-${param:EXT_INSTANCE_ID}-createPortalLink');\n\nconst { data } = await createPortalLink({\n  returnUrl: window.location.origin,\n  locale: \"auto\", // Optional, defaults to \"auto\"\n  configuration: \"bpc_1JSEAKHYgolSBA358VNoc2Hs\", // Optional ID of a portal configuration: https://stripe.com/docs/api/customer_portal/configuration\n});\nwindow.location.assign(data.url);\n```\n\n#### Delete User Data\n\nYou have the option to automatically delete customer objects in Stripe by setting the deletion option in the configuration to \"Auto delete\". In that case, when a user is deleted in Firebase Authentication, the extension will delete their customer object in Stripe which will immediately cancel all subscriptions for the user.\n\nThe extension will not delete any data from Cloud Firestore. Should you wish to delete the customer data from Cloud Firestore, you can use the [Delete User Data](https://firebase.google.com/products/extensions/delete-user-data) extension built by the Firebase team.\n\n### Monitoring\n\nAs a best practice, you can [monitor the activity](https://firebase.google.com/docs/extensions/manage-installed-extensions#monitor) of your installed extension, including checks on its health, usage, and logs.\n\nAccess the [Stripe dashboard](https://dashboard.stripe.com/) to manage all aspects of your Stripe account.\n\nEnjoy and please submit any feedback and feature requests on [GitHub](https://github.com/stripe/stripe-firebase-extensions/issues/new/choose)!\n","readmeContent":"# Run Payments with Stripe\n\n**Author**: Invertase (**[https://invertase.io](https://invertase.io)**)\n\n**Description**: Controls access to paid content by syncing your one-time and recurring payments with Firebase Authentication.\n\n**Details**: Use this extension as a backend for your [Stripe](https://www.stripe.com/) payments.\n\nThe extension supports multiple use cases:\n\n- Process one-time payments with [Stripe Checkout](https://stripe.com/docs/payments/checkout) on the web.\n- Create subscriptions for your users and manage access control via Firebase Authentication.\n- Process payments & set up payment methods with the mobile payment sheet on [Android](https://stripe.com/docs/payments/accept-a-payment?platform=android&ui=payment-sheet), [iOS](https://stripe.com/docs/payments/accept-a-payment?platform=ios&ui=payment-sheet), or with [React Native](https://stripe.com/docs/payments/accept-a-payment?platform=react-native&ui=payment-sheet).\n\n#### Subscription payments with Stripe Checkout\n\nUsers can sign-up for your digital goods and paid content with Stripe Checkout and manage their subscriptions with the Stripe customer portal.\n\nThis extension syncs customers' subscription status with your Cloud Firestore and adds custom claims using Firebase Authentication for convenient access control in your application.\n\nThe design for Stripe Checkout and the customer portal can be customized in your Stripe Dashboard [branding settings](https://dashboard.stripe.com/settings/branding). See this example which is customized to match the Firebase color scheme:\n\n![Stripe Checkout Page](https://storage.googleapis.com/stripe-subscriptions-firebase-screenshots/firebase-stripe-subs-checkout.png)\n![Stripe Customer Portal](https://storage.googleapis.com/stripe-subscriptions-firebase-screenshots/firebase-stripe-subs-customer-portal.png)\n\n#### Recommended usage\n\nIf you're building on the web platform, you can use this extension for any of your payment use cases.\n\nIf you're developing native mobile applications and you're selling digital products or services within your app, (e.g. subscriptions, in-game currencies, game levels, access to premium content, or unlocking a full version), you must use the app store's in-app purchase APIs. See [Apple's](https://developer.apple.com/app-store/review/guidelines/#payments) and [Google's](https://support.google.com/googleplay/android-developer/answer/9858738?hl=en&ref_topic=9857752) guidelines for more information.\n\nFor all other scenarios you can use the [stripe-android](https://github.com/stripe/stripe-android), [stripe-ios](https://github.com/stripe/stripe-ios), [stripe-react-native](https://github.com/stripe/stripe-react-native), or [flutter_stripe](https://github.com/flutter-stripe/flutter_stripe) SDKs.\n\n#### Client SDK\n\nYou can use the [`@invertase/firestore-stripe-payments`](https://github.com/invertase/stripe-firebase-extensions/blob/next/firestore-stripe-web-sdk/README.md)\nJavaScript package to easily access this extension from web clients. This client SDK provides\nTypeScript type definitions and high-level convenience APIs for most common operations client\napplications would want to implement using the extension.\n\nUse a package manager like NPM to install the above package, and use it in conjunction with\nthe Firebase Web SDK.\n\n### Events\n\nThis extension emits events, which allows you to listen to and run custom logic at different trigger points during the functioning of the extension. For example you can listen to events when a product has been added via the `product.created` event, or whenever a payment has succeeded through the `invoice.payment_succeeded` event.\n\n#### Additional setup\n\nBefore installing this extension, set up the following Firebase services in your Firebase project:\n\n- [Cloud Firestore](https://firebase.google.com/docs/firestore) to store customer & subscription details.\n  - Follow the steps in the [documentation](https://firebase.google.com/docs/firestore/quickstart#create) to create a Cloud Firestore database.\n- [Firebase Authentication](https://firebase.google.com/docs/auth) to enable different sign-up options for your users.\n  - Enable the sign-in methods in the [Firebase console](https://console.firebase.google.com/project/_/authentication/providers) that you want to offer your users.\n\nThen, in the [Stripe Dashboard](https://dashboard.stripe.com):\n\n- Create a new [restricted key](https://stripe.com/docs/keys#limit-access) with write access for the \"Customers\", \"Checkout Sessions\" and \"Customer portal\" resources, and read-only access for the \"Subscriptions\" and \"Prices\" resources.\n\n#### Billing\n\nThis extension uses the following Firebase services which may have associated charges:\n\n- Cloud Firestore\n- Cloud Functions\n- Cloud Secret Manager\n- Firebase Authentication\n- If you enable events [Eventarc fees apply](https://cloud.google.com/eventarc/pricing).\n\nThis extension also uses the following third-party services:\n\n- Stripe Payments ([pricing information](https://stripe.com/pricing))\n- Stripe Billing (when using subscriptions. [pricing information](https://stripe.com/pricing#billing-pricing))\n\nYou are responsible for any costs associated with your use of these services.\n\n#### Note from Firebase\n\nTo install this extension, your Firebase project must be on the Blaze (pay-as-you-go) plan. You will only be charged for the resources you use. Most Firebase services offer a free tier for low-volume use. [Learn more about Firebase billing.](https://firebase.google.com/pricing)\n\nStarting August 17 2020, you will be billed a small amount (typically less than $0.10) when you install or reconfigure this extension. See the [Cloud Functions for Firebase billing FAQ](https://firebase.google.com/support/faq#expandable-15) for a detailed explanation.\n\n**Configuration Parameters:**\n\n- Cloud Functions deployment location: Where do you want to deploy the functions created for this extension? You usually want a location close to your database. For help selecting a location, refer to the [location selection guide](https://firebase.google.com/docs/functions/locations).\n\n- Products and pricing plans collection: What is the path to the Cloud Firestore collection where the extension should store Stripe pricing plans?\n\n- Customer details and subscriptions collection: What is the path to the Cloud Firestore collection where the extension should store Stripe customer details? This can be the location of an existing user collection, the extension will not overwrite your existing data but rather merge the Stripe data into your existing `uid` docs.\n\n- Stripe configuration collection: What is the path to the Cloud Firestore collection where the extension should store Stripe configuration?\n\n- Sync new users to Stripe customers and Cloud Firestore: Do you want to automatically sync new users to customer objects in Stripe? If set to 'Sync', the extension will create a new customer object in Stripe and add a new doc to the customer collection in Firestore when a new user signs up via Firebase Authentication. If set to 'Do not sync' (default), the extension will create the customer object \"on the fly\" with the first checkout session creation.\n\n- Automatically delete Stripe customer objects: Do you want to automatically delete customer objects in Stripe? When a user is deleted in Firebase Authentication or in Cloud Firestore and set to 'Auto delete' the extension will delete their customer object in Stripe which will immediately cancel all subscriptions for the user.\n\n- Stripe API key with restricted access: What is your Stripe API key? We recommend creating a new [restricted key](https://stripe.com/docs/keys#limit-access) with write access only for the \"Customers\", \"Checkout Sessions\" and \"Customer portal\" resources. And read-only access for the \"Subscriptions\" and \"Prices\" resources.\n\n- Stripe webhook secret: This is your signing secret for a Stripe-registered webhook. This webhook can only be registered after installation. Leave this value untouched during installation, then follow the postinstall instructions for registering your webhook and configuring this value.\n\n- Minimum instances for createCheckoutSession function: Set the minimum number of function instances that should be always be available to create Checkout Sessions. This number can be adjusted to reduce cold starts and increase the responsiveness of Checkout Session creation requests. Suggested values are 0 or 1. Please note this setting will likely incur billing costss, see the [Firebase documentation](https://firebase.google.com/docs/functions/manage-functions#reduce_the_number_of_cold_starts) for more information.\n\n**Cloud Functions:**\n\n- **createCustomer:** Creates a Stripe customer object when a new user signs up.\n\n- **createCheckoutSession:** Creates a Checkout session to collect the customer's payment details.\n\n- **createPortalLink:** Creates links to the customer portal for the user to manage their payment & subscription details.\n\n- **handleWebhookEvents:** Handles Stripe webhook events to keep subscription statuses in sync and update custom claims.\n\n- **onUserDeleted:** Deletes the Stripe customer object and cancels all their subscriptions when the user is deleted in Firebase Authentication.\n\n- **onCustomerDataDeleted:** Deletes the Stripe customer object and cancels all their subscriptions when the customer doc in Cloud Firestore is deleted.\n\n**Access Required**:\n\nThis extension will operate with the following project IAM roles:\n\n- firebaseauth.admin (Reason: Allows the extension to set custom claims for users.)\n\n- datastore.user (Reason: Allows the extension to store customers & subscriptions in Cloud Firestore.)\n","externalServices":[{"name":"Stripe","pricingUri":"https://stripe.com/pricing"}],"displayName":"Run Payments with Stripe","events":[{"type":"com.stripe.v1.product.created","description":"Occurs whenever a product is created."},{"type":"com.stripe.v1.product.updated","description":"Occurs whenever a product is updated."},{"type":"com.stripe.v1.product.deleted","description":"Occurs whenever a product is deleted."},{"type":"com.stripe.v1.price.created","description":"Occurs whenever a price is created."},{"type":"com.stripe.v1.price.updated","description":"Occurs whenever a price is updated."},{"type":"com.stripe.v1.price.deleted","description":"Occurs whenever a price is deleted."},{"type":"com.stripe.v1.checkout.session.completed","description":"Occurs when a Checkout Session has been successfully completed."},{"type":"com.stripe.v1.checkout.session.async_payment_succeeded","description":"Occurs when a payment intent using a delayed payment method finally succeeds."},{"type":"com.stripe.v1.checkout.session.async_payment_failed","description":"Occurs when a payment intent using a delayed payment method fails."},{"type":"com.stripe.v1.customer.subscription.created","description":"Occurs whenever a customer is signed up for a new plan."},{"type":"com.stripe.v1.customer.subscription.updated","description":"Occurs whenever a subscription changes (e.g., switching from one plan to another, or changing the status from trial to active)."},{"type":"com.stripe.v1.customer.subscription.deleted","description":"Occurs whenever a customer's subscription ends."},{"type":"com.stripe.v1.tax_rate.created","description":"Occurs whenever a new tax rate is created."},{"type":"com.stripe.v1.tax_rate.updated","description":"Occurs whenever a tax rate is updated."},{"type":"com.stripe.v1.invoice.paid","description":"Occurs whenever an invoice payment attempt succeeds or an invoice is marked as paid out-of-band."},{"type":"com.stripe.v1.invoice.payment_succeeded","description":"Occurs whenever an invoice payment attempt succeeds."},{"type":"com.stripe.v1.invoice.payment_failed","description":"Occurs whenever an invoice payment attempt fails, due either to a declined payment or to the lack of a stored payment method."},{"type":"com.stripe.v1.invoice.upcoming","description":"Occurs X number of days before a subscription is scheduled to create an invoice that is automatically charged—where X is determined by your subscriptions settings."},{"type":"com.stripe.v1.invoice.marked_uncollectible","description":"Occurs whenever an invoice is marked uncollectible."},{"type":"com.stripe.v1.invoice.payment_action_required","description":"Occurs whenever an invoice payment attempt requires further user action to complete."},{"type":"com.stripe.v1.payment_intent.processing","description":"Occurs when a PaymentIntent has started processing."},{"type":"com.stripe.v1.payment_intent.succeeded","description":"Occurs when a PaymentIntent has successfully completed payment."},{"type":"com.stripe.v1.payment_intent.canceled","description":"Occurs when a PaymentIntent is canceled."},{"type":"com.stripe.v1.payment_intent.payment_failed","description":"Occurs when a PaymentIntent has failed the attempt to create a payment method or a payment."}],"icon":"icon.png","tags":["payments"]},"fetchTime":"2025-07-08T11:51:49.530032Z","lastOperationName":"projects/invertase-firebase-extensions/operations/79deccac-1c28-4a47-a058-b4b5bb9556fb","state":"ACTIVE","iconUri":"https://storage.googleapis.com/firebase-extensions-icons/extension_icons/invertase/firestore-stripe-payments_0.3.12@512.png"},"params":{"STRIPE_CONFIG_COLLECTION":"configuration","SYNC_USERS_ON_CREATE":"Do not sync","DELETE_STRIPE_CUSTOMERS":"Do not delete","STRIPE_API_KEY":"projects/249798889726/secrets/firestore-stripe-payments-STRIPE_API_KEY-xe4m/versions/1","CREATE_CHECKOUT_SESSION_MIN_INSTANCES":"0","LOCATION":"us-central1","PRODUCTS_COLLECTION":"products","CUSTOMERS_COLLECTION":"customers"},"populatedPostinstallContent":"### Client SDK\n\nYou can use the [`@invertase/firestore-stripe-payments`](https://github.com/invertase/stripe-firebase-extensions/blob/next/firestore-stripe-web-sdk/README.md)\nJavaScript package to easily access this extension from web clients. This client SDK provides\nTypeScript type definitions and high-level convenience APIs for most common operations client\napplications would want to implement using the extension.\n\nUse a package manager like NPM to install the above package, and use it in conjunction with\nthe Firebase Web SDK.\n\n### Configuring the extension\n\nBefore you proceed, make sure you have the following Firebase services set up:\n\n- [Cloud Firestore](https://firebase.google.com/docs/firestore) to store customer & subscription details.\n  - Follow the steps in the [documentation](https://firebase.google.com/docs/firestore/quickstart#create) to create a Cloud Firestore database.\n- [Firebase Authentication](https://firebase.google.com/docs/auth) to enable different sign-up options for your users.\n  - Enable the sign-in methods in the [Firebase console](https://console.firebase.google.com/project/_/authentication/providers) that you want to offer your users.\n\n#### Set your Cloud Firestore security rules\n\nIt is crucial to limit data access to authenticated users only and for users to only be able to see their own information. For product and pricing information it is important to disable write access for client applications. Use the rules below to restrict access as recommended in your project's [Cloud Firestore rules](https://console.firebase.google.com/project/extension-eng/firestore/rules):\n\n```\nrules_version = '2';\nservice cloud.firestore {\n  match /databases/{database}/documents {\n    match /customers/{uid} {\n      allow read: if request.auth.uid == uid;\n\n      match /checkout_sessions/{id} {\n        allow read, write: if request.auth.uid == uid;\n      }\n      match /subscriptions/{id} {\n        allow read: if request.auth.uid == uid;\n      }\n      match /payments/{id} {\n        allow read: if request.auth.uid == uid;\n      }\n    }\n\n    match /products/{id} {\n      allow read: if true;\n\n      match /prices/{id} {\n        allow read: if true;\n      }\n\n      match /tax_rates/{id} {\n        allow read: if true;\n      }\n    }\n  }\n}\n```\n\n#### Configure Stripe webhooks\n\nYou need to set up a webhook that synchronizes relevant details from Stripe with your Cloud Firestore. This includes product and pricing data from the Stripe Dashboard, as well as customer's subscription details.\n\nHere's how to set up the webhook and configure your extension to use it:\n\n1. Configure your webhook:\n\n   1. Go to the [Stripe dashboard.](https://dashboard.stripe.com/webhooks)\n\n   2. Use the URL of your extension's function as the endpoint URL. Here's your function's URL: `https://us-central1-extension-eng.cloudfunctions.net/ext-firestore-stripe-payments-handleWebhookEvents`\n\n   3. Select the following events:\n\n   - `product.created`\n   - `product.updated`\n   - `product.deleted`\n   - `price.created`\n   - `price.updated`\n   - `price.deleted`\n   - `checkout.session.completed`\n   - `customer.subscription.created`\n   - `customer.subscription.updated`\n   - `customer.subscription.deleted`\n   - `payment_intent.processing`\n   - `payment_intent.succeeded`\n   - `payment_intent.canceled`\n   - `payment_intent.payment_failed`\n   - `tax_rate.created` (optional)\n   - `tax_rate.updated` (optional)\n   - `invoice.paid` (optional, will sync invoices to Cloud Firestore)\n   - `invoice.payment_succeeded` (optional, will sync invoices to Cloud Firestore)\n   - `invoice.payment_failed` (optional, will sync invoices to Cloud Firestore)\n   - `invoice.upcoming` (optional, will sync invoices to Cloud Firestore)\n   - `invoice.marked_uncollectible` (optional, will sync invoices to Cloud Firestore)\n   - `invoice.payment_action_required` (optional, will sync invoices to Cloud Firestore)\n\n2. Using the Firebase console or Firebase CLI, [reconfigure](https://console.firebase.google.com/project/extension-eng/extensions/instances/firestore-stripe-payments?tab=config) your extension with your webhook's signing secret (such as, `whsec_12345678`). Enter the value in the parameter called `Stripe webhook secret`. Make sure you scroll back to the top of the Extension configuration page and click 'Save' otherwise your Stripe webhook secret will not be saved.\n\n#### Create product and pricing information (only required when building on the web platform)\n\nFor Stripe to automatically bill your users for recurring payments, you need to create your product and pricing information in the [Stripe Dashboard](https://dashboard.stripe.com/test/products). When you create or update your product and price information in the Stripe Dashboard these details are automatically synced with your Cloud Firestore, as long as the webhook is configured correctly as described above.\n\nThe extension currently supports pricing plans that bill a predefined amount at a specific interval. More complex plans (e.g. different pricing tiers or seats) are not yet supported. If you'd like to see support for these, please open a [feature request issue](https://github.com/stripe/stripe-firebase-extensions/issues/new/choose) with details about your business model and pricing plans.\n\nFor example, this extension works well for business models with different access level tiers, e.g.:\n\n- Product 1: Basic membership\n  - Price 1: 10 USD per month\n  - Price 2: 100 USD per year\n  - Price 3: 8 GBP per month\n  - Price 4: 80 GBP per year\n  - [...]: additional currency and interval combinations\n- Product 2: Premium membership\n  - Price 1: 20 USD per month\n  - Price 2: 200 USD per year\n  - Price 3: 16 GBP per month\n  - Price 4: 160 GBP per year\n  - [...]: additional currency and interval combinations\n\n#### Assign custom claim roles to products (only used for subscriptions)\n\nIf you want users to get assigned a [custom claim role](https://firebase.google.com/docs/auth/admin/custom-claims) to give them access to certain data when subscribed to a specific product, you can set a `firebaseRole` metadata value on the Stripe product ([see screenshot](https://www.gstatic.com/mobilesdk/200710_mobilesdk/ext_stripe_subscription_post_install.png)).\n\nThe value you set for `firebaseRole` (e.g. \"premium\" in the screenshot above) will be set as a custom claim `stripeRole` on the user. This allows you to [set specific security access rules](https://firebase.googleblog.com/2019/03/firebase-security-rules-admin-sdk-tips.html) based on the user's roles, or [limit access to certain pages](https://firebase.google.com/docs/auth/admin/custom-claims#access_custom_claims_on_the_client). For example if you have one `basic` role and one `premium` role you could add the following to your Cloud Firestore rules:\n\n```\nrules_version = '2';\nservice cloud.firestore {\n  match /databases/{database}/documents {\n    function hasBasicSubs() {\n      return request.auth.token.stripeRole == \"basic\";\n    }\n\n    function hasPremiumSubs() {\n      return request.auth.token.stripeRole == \"premium\";\n    }\n\n    match /content-basic/{doc} {\n      allow read: if hasBasicSubs() || hasPremiumSubs();\n    }\n    match /content-premium/{doc} {\n      allow read: if hasPremiumSubs();\n    }\n  }\n}\n```\n\nAlternatively you can validate their role client-side with the JavaScript SDK. When doing so you need to make sure to force-refresh the user token:\n\n```js\nimport { getAuth } from 'firebase/auth';\n\nasync function getCustomClaimRole() {\n  const auth = getAuth();\n  await auth.currentUser?.getIdToken(true);\n  const decodedToken = await auth.currentUser?.getIdTokenResult();\n  return decodedToken?.claims.stripeRole;\n}\n```\n\n#### Configure the Stripe customer portal (only used for subscriptions)\n\n1. Set your custom branding in the [settings](https://dashboard.stripe.com/settings/branding).\n2. Configure the Customer Portal [settings](https://dashboard.stripe.com/test/settings/billing/portal).\n3. Toggle on \"Allow customers to update their payment methods\".\n4. Toggle on \"Allow customers to update subscriptions\".\n5. Toggle on \"Allow customers to cancel subscriptions\".\n6. Add the products and prices that you want to allow customer to switch between.\n7. Set up the required business information and links.\n\n### Using the extension\n\nOnce you've configured the extension you can add payments and access control to your websites and mobile apps fully client-side with the corresponding Firebase SDKs. You can experience a subscriptions demo application at [https://stripe-subs-ext.web.app](https://stripe-subs-ext.web.app/) and find the demo source code on [GitHub](https://github.com/stripe-samples/firebase-subscription-payments);\n\n#### Sign-up users with Firebase Authentication\n\nThe quickest way to sign-up new users is by using the [FirebaseUI library](https://firebase.google.com/docs/auth/web/firebaseui). Follow the steps outlined in the official docs. When configuring the extension you can choose to 'Sync' new users to Stripe. If set to 'Sync', the extension listens to new users signing up and then automatically creates a Stripe customer object and a customer record in your Cloud Firestore. If set to 'Do not sync' (default), the extension will create the customer object \"on the fly\" with the first checkout session creation.\n\n#### List available products and prices\n\nProducts and pricing information are normal collections and docs in your Cloud Firestore and can be queried as such:\n\n```js\nimport { collection, query, where, getDocs } from 'firebase/firestore';\nimport { getFirestore } from 'firebase/firestore';\n\nconst db = getFirestore();\n\nconst productsQuery = query(\n  collection(db, \"products\"),\n  where(\"active\", \"==\", true)\n);\n\nconst querySnapshot = await getDocs(productsQuery);\nquerySnapshot.forEach(async (doc) => {\n  console.log(doc.id, \" => \", doc.data());\n  const priceSnap = await getDocs(collection(doc.ref, \"prices\"));\n  priceSnap.forEach((priceDoc) => {\n    console.log(priceDoc.id, \" => \", priceDoc.data());\n  });\n});\n```\n\n### One-time payments on the web\n\nYou can create Checkout Sessions for one-time payments when referencing a one-time price ID. One-time payments will be synced to Cloud Firestore into a payments collection for the relevant customer doc if you update your webhook handler in the Stripe dashboard to include the following events: `payment_intent.succeeded`, `payment_intent.payment_failed`, `payment_intent.canceled`, `payment_intent.processing`.\n\nTo create a Checkout Session ID for a one-time payment, pass `mode: 'payment'` to the Checkout Session doc creation:\n\n```js\nimport { collection, doc, addDoc } from 'firebase/firestore';\nimport { getFirestore } from 'firebase/firestore';\n\nconst db = getFirestore();\n\nconst docRef = await addDoc(\n  collection(\n    db,\n    \"customers\",\n    currentUser.uid,\n    \"checkout_sessions\"\n  ),\n  {\n    mode: \"payment\",\n    price: \"price_1GqIC8HYgolSBA35zoTTN2Zl\", // One-time price created in Stripe\n    success_url: window.location.origin,\n    cancel_url: window.location.origin,\n  }\n);\n```\n\n### Mobile payments (with the mobile payment sheet on iOS and Android)\n\n#### One-time payments\n\nTo create a one time payment in your mobile application, create a new doc in your `customers/{uid}/checkout_sessions` collection with the following parameters:\n\n- client: 'mobile'\n- mode: 'payment'\n- amount: [{payment amount}](https://stripe.com/docs/api/payment_intents/object#payment_intent_object-amount)\n- currency: [{currency code}](https://stripe.com/docs/api/payment_intents/object#payment_intent_object-currency)\n\nThen listen for the extension to append `paymentIntentClientSecret`, `ephemeralKeySecret`, and `customer` to the doc and use these to [integrate the mobile payment sheet](https://stripe.com/docs/payments/accept-a-payment?platform=ios&ui=payment-sheet).\n\n#### Set up a payment method for future usage\n\nYou can collect a payment method from your customer to charge it at a later point in time. To do so create a new doc in your `customers/{uid}/checkout_sessions` collection with the following parameters:\n\n- client: 'mobile'\n- mode: 'setup'\n\nThen listen for the extension to append `setupIntentClientSecret`, `ephemeralKeySecret`, and `customer` to the doc and use these to [integrate the mobile payment sheet](https://stripe.com/docs/payments/accept-a-payment?platform=ios&ui=payment-sheet).\n\n### Subscription payments (web only)\n\n#### Start a subscription with Stripe Checkout\n\nTo subscribe the user to a specific pricing plan, create a new doc in the `checkout_sessions` collection for the user. The extension will update the doc with a Stripe Checkout session ID which you then use to redirect the user to the checkout page.\n\n```js\nimport { collection, doc, addDoc, onSnapshot } from 'firebase/firestore';\nimport { getFirestore } from 'firebase/firestore';\n\nconst db = getFirestore();\n\nconst docRef = await addDoc(\n  collection(\n    db,\n    \"customers\",\n    currentUser.uid,\n    \"checkout_sessions\"\n  ),\n  {\n    price: \"price_1GqIC8HYgolSBA35zoTTN2Zl\",\n    success_url: window.location.origin,\n    cancel_url: window.location.origin,\n  }\n);\n\n// Wait for the CheckoutSession to get attached by the extension\nonSnapshot(docRef, (snap) => {\n  const { error, url } = snap.data();\n  if (error) {\n    // Show an error to your customer and\n    // inspect your Cloud Function logs in the Firebase console.\n    alert(`An error occured: ${error.message}`);\n  }\n  if (url) {\n    // We have a Stripe Checkout URL, let's redirect.\n    window.location.assign(url);\n  }\n});\n```\n\n#### Handling trials\n\nYou can specify subscription trial period when creating the checkout session by using the `trial_period_days` parameter. Refer to the [docs](https://stripe.com/docs/payments/checkout/free-trials) for a detailed guide on free trials and how to set them up.\n\n```js\nimport { collection, doc, addDoc } from 'firebase/firestore';\nimport { getFirestore } from 'firebase/firestore';\n\nconst db = getFirestore();\n\nconst docRef = await addDoc(\n  collection(\n    db,\n    \"customers\",\n    currentUser.uid,\n    \"checkout_sessions\"\n  ),\n  {\n    price: \"price_1GqIC8HYgolSBA35zoTTN2Zl\",\n    trial_period_days: 7,\n    success_url: window.location.origin,\n    cancel_url: window.location.origin,\n  }\n);\n```\n\n#### Applying discount, coupon, promotion codes\n\nYou can create customer-facing promotion codes in the [Stripe Dashboard](https://dashboard.stripe.com/coupons/create). Refer to the [docs](https://stripe.com/docs/billing/subscriptions/discounts/codes) for a detailed guide on how to set these up.\n\nIn order for the promotion code redemption box to show up on the checkout page, set `allow_promotion_codes: true` when creating the `checkout_sessions` document:\n\n```js\nimport { collection, doc, addDoc } from 'firebase/firestore';\nimport { getFirestore } from 'firebase/firestore';\n\nconst db = getFirestore();\n\nconst docRef = await addDoc(\n  collection(\n    db,\n    \"customers\",\n    currentUser.uid,\n    \"checkout_sessions\"\n  ),\n  {\n    price: \"price_1GqIC8HYgolSBA35zoTTN2Zl\",\n    allow_promotion_codes: true,\n    success_url: window.location.origin,\n    cancel_url: window.location.origin,\n  }\n);\n```\n\n#### Applying promotion codes programmatically\n\nYou can set a [promotion code](https://stripe.com/docs/billing/subscriptions/discounts/codes) to be applied to the checkout session without the customer needing to input it.\n\n**_NOTE_**: anyone with access to a promotion code ID would be able to apply it to their checkout session. Therefore make sure to limit your promotion codes and archive any codes you don't want to offer anymore.\n\n```js\nimport { collection, doc, addDoc } from 'firebase/firestore';\nimport { getFirestore } from 'firebase/firestore';\n\nconst db = getFirestore();\n\nconst docRef = await addDoc(\n  collection(\n    db,\n    \"customers\",\n    currentUser.uid,\n    \"checkout_sessions\"\n  ),\n  {\n    promotion_code: \"promo_1HCrfVHYgolSBA35b1q98MNk\",\n    price: \"price_1GqIC8HYgolSBA35zoTTN2Zl\",\n    success_url: window.location.origin,\n    cancel_url: window.location.origin,\n  }\n);\n```\n\n#### Automatic tax calculation with [Stripe Tax](https://stripe.com/tax)\n\nStripe Tax lets you calculate and collect sales tax, VAT, and GST. Know where to register, automatically collect the right amount of tax, and access the reports you need to file returns.\n\n1. Request access: https://stripe.com/tax#request-access\n2. Set up Stripe Tax in the Dashboard: https://stripe.com/docs/tax/set-up\n3. Enable automatic tax calculation when creating your `checkout_sessions` docs:\n\n```js\nimport { collection, doc, addDoc } from 'firebase/firestore';\nimport { getFirestore } from 'firebase/firestore';\n\nconst db = getFirestore();\n\nconst docRef = await addDoc(\n  collection(\n    db,\n    \"customers\",\n    currentUser.uid,\n    \"checkout_sessions\"\n  ),\n  {\n    automatic_tax: true, // Automatically calculate tax based on the customer's address\n    tax_id_collection: true, // Collect the customer's tax ID (important for B2B transactions)\n    price: \"price_1GqIC8HYgolSBA35zoTTN2Zl\",\n    success_url: window.location.origin,\n    cancel_url: window.location.origin,\n  }\n);\n```\n\n#### Applying tax rates dynamically\n\nStripe Checkout supports applying the correct tax rate for customers in US, GB, AU, and all countries in the EU. With [dynamic tax rates](https://stripe.com/docs/billing/subscriptions/taxes#adding-tax-rates-to-checkout), you create tax rates for different regions (e.g., a 20% VAT tax rate for customers in the UK and a 7.25% sales tax rate for customers in California, US) and Stripe attempts to match your customer's location to one of those tax rates.\n\n```js\nimport { collection, doc, addDoc } from 'firebase/firestore';\nimport { getFirestore } from 'firebase/firestore';\n\nconst db = getFirestore();\n\nconst docRef = await addDoc(\n  collection(\n    db,\n    \"customers\",\n    currentUser.uid,\n    \"checkout_sessions\"\n  ),\n  {\n    line_items: [\n      {\n        price: \"price_1HCUD4HYgolSBA35icTHEXd5\",\n        quantity: 1,\n        dynamic_tax_rates: [\n          \"txr_1IJJtvHYgolSBA35ITTBOaew\",\n          \"txr_1Hlsk0HYgolSBA35rlraUVWO\",\n          \"txr_1HCshzHYgolSBA35WkPjzOOi\",\n        ],\n      },\n    ],\n    success_url: window.location.origin,\n    cancel_url: window.location.origin,\n  }\n);\n```\n\n#### Applying static tax rates\n\nYou can collect and report taxes with [Tax Rates](https://stripe.com/docs/billing/taxes/tax-rates). To apply tax rates to the subscription, you first need to create your tax rates in the [Stripe Dashboard](https://dashboard.stripe.com/tax-rates). When creating a new `checkout_sessions` document, specify the optional `tax_rates` list with [up to five](https://stripe.com/docs/billing/taxes/tax-rates#using-multiple-tax-rates) tax rate IDs:\n\n```js\nimport { collection, doc, addDoc } from 'firebase/firestore';\nimport { getFirestore } from 'firebase/firestore';\n\nconst db = getFirestore();\n\nconst docRef = await addDoc(\n  collection(\n    db,\n    \"customers\",\n    currentUser.uid,\n    \"checkout_sessions\"\n  ),\n  {\n    price: \"price_1GqIC8HYgolSBA35zoTTN2Zl\",\n    tax_rates: [\"txr_1HCjzTHYgolSBA35m0e1tJN5\"],\n    success_url: window.location.origin,\n    cancel_url: window.location.origin,\n  }\n);\n```\n\n#### Collecting a shipping address during checkout\n\nTo collect a shipping address from your customer during checkout, you need to create a `shipping_countries` doc in your `products` collection. This doc needs to have a field called `allowed_countries` which needs to be an array. In this array, add the country codes for the countries that you ship to. You can find a list of supported countries [here](https://stripe.com/docs/api/checkout/sessions/create#create_checkout_session-shipping_address_collection-allowed_countries).\n\nSecondly, you need to add `collect_shipping_address: true` to the Checkout Session doc creation:\n\n```js\nimport { collection, doc, addDoc } from 'firebase/firestore';\nimport { getFirestore } from 'firebase/firestore';\n\nconst db = getFirestore();\n\nconst docRef = await addDoc(\n  collection(\n    db,\n    \"customers\",\n    currentUser.uid,\n    \"checkout_sessions\"\n  ),\n  {\n    collect_shipping_address: true,\n    price: \"price_1GqIC8HYgolSBA35zoTTN2Zl\",\n    success_url: window.location.origin,\n    cancel_url: window.location.origin,\n  }\n);\n```\n\n#### Setting metadata on the subscription\n\nYou can optionally set a metadata object with key-value pairs when creating the checkout session. This can be useful for storing additional information about the customer's subscription. This metadata will be synced to both the Stripe subscription object (making it searchable in the Stripe Dashboard) and the subscription document in the Cloud Firestore.\n\n```js\nimport { collection, doc, addDoc } from 'firebase/firestore';\nimport { getFirestore } from 'firebase/firestore';\n\nconst db = getFirestore();\n\nconst docRef = await addDoc(\n  collection(\n    db,\n    \"customers\",\n    currentUser.uid,\n    \"checkout_sessions\"\n  ),\n  {\n    price: \"price_1GqIC8HYgolSBA35zoTTN2Zl\",\n    success_url: window.location.origin,\n    cancel_url: window.location.origin,\n    metadata: {\n      item: \"item001\",\n    },\n  }\n);\n```\n\n#### Adding multiple prices, including one-time setup fees\n\nIn addition to recurring prices, you can add one-time prices. These will only be on the initial invoice. This is useful for adding setup fees or other one-time fees associated with a subscription. To do so you will need to pass a `line_items` array instead:\n\n```js\nimport { collection, doc, addDoc } from 'firebase/firestore';\nimport { getFirestore } from 'firebase/firestore';\n\nconst db = getFirestore();\n\nconst docRef = await addDoc(\n  collection(\n    db,\n    \"customers\",\n    currentUser.uid,\n    \"checkout_sessions\"\n  ),\n  {\n    line_items: [\n      {\n        price: \"price_1HCUD4HYgolSBA35icTHEXd5\", // RECURRING_PRICE_ID\n        quantity: 1,\n        tax_rates: [\"txr_1HCjzTHYgolSBA35m0e1tJN5\"],\n      },\n      {\n        price: \"price_1HEtgDHYgolSBA35LMkO3ExX\", // ONE_TIME_PRICE_ID\n        quantity: 1,\n        tax_rates: [\"txr_1HCjzTHYgolSBA35m0e1tJN5\"],\n      },\n    ],\n    success_url: window.location.origin,\n    cancel_url: window.location.origin,\n  }\n);\n```\n\n**_NOTE_**: If you specify more than one recurring price in the `line_items` array, the subscription object in Cloud Firestore will list all recurring prices in the `prices` array. The `price` attribute on the subscription in Cloud Firestore will be equal to the first item in the `prices` array: `price === prices[0]`.\n\nNote that the Stripe customer portal currently does not support changing subscriptions with multiple recurring prices. In this case the portal will only offer the option to cancel the subscription.\n\n#### Start a subscription via the Stripe Dashboard or API\n\nSince version `0.1.7` the extension also syncs subscriptions that were not created via Stripe Checkout, e.g. via the [Stripe Dashboard](https://support.stripe.com/questions/create-update-and-schedule-subscriptions) or [via Elements and the API](https://stripe.com/docs/billing/subscriptions/fixed-price).\n\nIn order for this to work, Firebase Authentication users need to be synced with Stripe customer objects and the customers collection in Cloud Firestore (new configuration added in version `0.1.7`).\n\n#### Get the customer's subscription\n\nSubscription details are synced to the `subscriptions` sub-collection in the user's corresponding customer doc.\n\n```js\nimport { collection, query, where, onSnapshot } from 'firebase/firestore';\nimport { getFirestore } from 'firebase/firestore';\n\nconst db = getFirestore();\n\nconst subscriptionsQuery = query(\n  collection(db, \"customers\", currentUser.uid, \"subscriptions\"),\n  where(\"status\", \"in\", [\"trialing\", \"active\"])\n);\n\nonSnapshot(subscriptionsQuery, (snapshot) => {\n  // In this implementation we only expect one active or trialing subscription to exist.\n  const doc = snapshot.docs[0];\n  console.log(doc.id, \" => \", doc.data());\n});\n```\n\n#### Redirect to the customer portal\n\nOnce a customer is subscribed you should show them a button to access the customer portal to view their invoices and manage their payment & subscription details. When the user clicks that button, call the `createPortalLink` function to get a portal link for them, then redirect them.\n\n```js\nimport { getFunctions, httpsCallable } from 'firebase/functions';\n\nconst functions = getFunctions();\nconst createPortalLink = httpsCallable(functions, 'ext-firestore-stripe-payments-createPortalLink');\n\nconst { data } = await createPortalLink({\n  returnUrl: window.location.origin,\n  locale: \"auto\", // Optional, defaults to \"auto\"\n  configuration: \"bpc_1JSEAKHYgolSBA358VNoc2Hs\", // Optional ID of a portal configuration: https://stripe.com/docs/api/customer_portal/configuration\n});\nwindow.location.assign(data.url);\n```\n\n#### Delete User Data\n\nYou have the option to automatically delete customer objects in Stripe by setting the deletion option in the configuration to \"Auto delete\". In that case, when a user is deleted in Firebase Authentication, the extension will delete their customer object in Stripe which will immediately cancel all subscriptions for the user.\n\nThe extension will not delete any data from Cloud Firestore. Should you wish to delete the customer data from Cloud Firestore, you can use the [Delete User Data](https://firebase.google.com/products/extensions/delete-user-data) extension built by the Firebase team.\n\n### Monitoring\n\nAs a best practice, you can [monitor the activity](https://firebase.google.com/docs/extensions/manage-installed-extensions#monitor) of your installed extension, including checks on its health, usage, and logs.\n\nAccess the [Stripe dashboard](https://dashboard.stripe.com/) to manage all aspects of your Stripe account.\n\nEnjoy and please submit any feedback and feature requests on [GitHub](https://github.com/stripe/stripe-firebase-extensions/issues/new/choose)!\n","extensionRef":"invertase/firestore-stripe-payments","extensionVersion":"0.3.12","systemParams":{"firebaseextensions.v1beta.function/vpcConnectorEgressSettings":"VPC_CONNECTOR_EGRESS_SETTINGS_UNSPECIFIED","firebaseextensions.v1beta.function/minInstances":"0","firebaseextensions.v1beta.function/memory":"256"}},"lastOperationName":"projects/extension-eng/operations/d4ea04fb-bdab-4114-802a-b2456bdf1698","serviceAccountEmail":"ext-firestore-stripe-payments@extension-eng.iam.gserviceaccount.com","lastOperationType":"CREATE","etag":"5cd69c53409c027cffd9b454c684c472b08d632437e43c6a0bb65914294a959c"}]}
[debug] [2026-09-10T16:26:49.239Z] Attempting to merge .env secret bindings {} into declared secrets...)}
[debug] [2026-09-10T16:26:49.239Z] createStripeCheckoutSession declared secrets: [{"key":"STRIPE_SECRET_KEY","secret":"STRIPE_SECRET_KEY","projectId":"extension-eng"}]
[debug] [2026-09-10T16:26:49.239Z] createStripePortalSession declared secrets: [{"key":"STRIPE_SECRET_KEY","secret":"STRIPE_SECRET_KEY","projectId":"extension-eng"}]
[debug] [2026-09-10T16:26:49.239Z] stripeWebhook declared secrets: [{"key":"STRIPE_SECRET_KEY","secret":"STRIPE_SECRET_KEY","projectId":"extension-eng"},{"key":"STRIPE_WEBHOOK_SECRET","secret":"STRIPE_WEBHOOK_SECRET","projectId":"extension-eng"}]
[debug] [2026-09-10T16:26:49.239Z] stripeCheckoutResult declared secrets: undefined
[debug] [2026-09-10T16:26:49.239Z] geminiProxy declared secrets: [{"key":"LECTORO_GEMINI_API_KEY","secret":"LECTORO_GEMINI_API_KEY","projectId":"extension-eng"},{"key":"ELEVENLABS_API_KEY","secret":"ELEVENLABS_API_KEY","projectId":"extension-eng"},{"key":"R2_SECRET_ACCESS_KEY","secret":"R2_SECRET_ACCESS_KEY","projectId":"extension-eng"}]
[debug] [2026-09-10T16:26:49.240Z] Checked if tokens are valid: true, expires at: 1789061199648
[debug] [2026-09-10T16:26:49.240Z] Checked if tokens are valid: true, expires at: 1789061199648
[debug] [2026-09-10T16:26:49.240Z] >>> [apiv2][query] GET https://secretmanager.googleapis.com/v1/projects/extension-eng/secrets/LECTORO_GEMINI_API_KEY [none]
[debug] [2026-09-10T16:26:49.716Z] <<< [apiv2][status] GET https://secretmanager.googleapis.com/v1/projects/extension-eng/secrets/LECTORO_GEMINI_API_KEY 200
[debug] [2026-09-10T16:26:49.717Z] <<< [apiv2][body] GET https://secretmanager.googleapis.com/v1/projects/extension-eng/secrets/LECTORO_GEMINI_API_KEY {"name":"projects/249798889726/secrets/LECTORO_GEMINI_API_KEY","replication":{"automatic":{}},"createTime":"2026-08-13T17:20:25.614218Z","labels":{"firebase-managed":"functions"},"etag":"\"1658f0eb761e4d\""}
[debug] [2026-09-10T16:26:49.717Z] Checked if tokens are valid: true, expires at: 1789061199648
[debug] [2026-09-10T16:26:49.717Z] Checked if tokens are valid: true, expires at: 1789061199648
[debug] [2026-09-10T16:26:49.717Z] >>> [apiv2][query] GET https://secretmanager.googleapis.com/v1/projects/extension-eng/secrets/LECTORO_GEMINI_API_KEY/versions/latest [none]
[debug] [2026-09-10T16:26:49.928Z] <<< [apiv2][status] GET https://secretmanager.googleapis.com/v1/projects/extension-eng/secrets/LECTORO_GEMINI_API_KEY/versions/latest 200
[debug] [2026-09-10T16:26:49.928Z] <<< [apiv2][body] GET https://secretmanager.googleapis.com/v1/projects/extension-eng/secrets/LECTORO_GEMINI_API_KEY/versions/latest {"name":"projects/249798889726/secrets/LECTORO_GEMINI_API_KEY/versions/1","createTime":"2026-08-13T17:20:31.999682Z","state":"ENABLED","replicationStatus":{"automatic":{}},"etag":"\"1658f0ebd0f6c2\""}
[debug] [2026-09-10T16:26:49.928Z] Checked if tokens are valid: true, expires at: 1789061199648
[debug] [2026-09-10T16:26:49.928Z] Checked if tokens are valid: true, expires at: 1789061199648
[debug] [2026-09-10T16:26:49.929Z] >>> [apiv2][query] GET https://secretmanager.googleapis.com/v1/projects/extension-eng/secrets/ELEVENLABS_API_KEY [none]
[debug] [2026-09-10T16:26:50.197Z] <<< [apiv2][status] GET https://secretmanager.googleapis.com/v1/projects/extension-eng/secrets/ELEVENLABS_API_KEY 200
[debug] [2026-09-10T16:26:50.197Z] <<< [apiv2][body] GET https://secretmanager.googleapis.com/v1/projects/extension-eng/secrets/ELEVENLABS_API_KEY {"name":"projects/249798889726/secrets/ELEVENLABS_API_KEY","replication":{"automatic":{}},"createTime":"2026-08-13T17:04:18.235979Z","labels":{"firebase-managed":"functions"},"etag":"\"1658f0b1cd0300\""}
[debug] [2026-09-10T16:26:50.197Z] Checked if tokens are valid: true, expires at: 1789061199648
[debug] [2026-09-10T16:26:50.197Z] Checked if tokens are valid: true, expires at: 1789061199648
[debug] [2026-09-10T16:26:50.197Z] >>> [apiv2][query] GET https://secretmanager.googleapis.com/v1/projects/extension-eng/secrets/ELEVENLABS_API_KEY/versions/latest [none]
[debug] [2026-09-10T16:26:50.441Z] <<< [apiv2][status] GET https://secretmanager.googleapis.com/v1/projects/extension-eng/secrets/ELEVENLABS_API_KEY/versions/latest 200
[debug] [2026-09-10T16:26:50.441Z] <<< [apiv2][body] GET https://secretmanager.googleapis.com/v1/projects/extension-eng/secrets/ELEVENLABS_API_KEY/versions/latest {"name":"projects/249798889726/secrets/ELEVENLABS_API_KEY/versions/6","createTime":"2026-08-14T11:03:52.230864Z","state":"ENABLED","replicationStatus":{"automatic":{}},"etag":"\"1658ffc69b3bd0\""}
[debug] [2026-09-10T16:26:50.441Z] Checked if tokens are valid: true, expires at: 1789061199648
[debug] [2026-09-10T16:26:50.441Z] Checked if tokens are valid: true, expires at: 1789061199648
[debug] [2026-09-10T16:26:50.441Z] >>> [apiv2][query] GET https://secretmanager.googleapis.com/v1/projects/extension-eng/secrets/R2_SECRET_ACCESS_KEY [none]
[debug] [2026-09-10T16:26:50.672Z] <<< [apiv2][status] GET https://secretmanager.googleapis.com/v1/projects/extension-eng/secrets/R2_SECRET_ACCESS_KEY 200
[debug] [2026-09-10T16:26:50.673Z] <<< [apiv2][body] GET https://secretmanager.googleapis.com/v1/projects/extension-eng/secrets/R2_SECRET_ACCESS_KEY {"name":"projects/249798889726/secrets/R2_SECRET_ACCESS_KEY","replication":{"automatic":{}},"createTime":"2026-08-18T21:38:45.797767Z","labels":{"firebase-managed":"functions"},"etag":"\"1659591c8cefd5\""}
[debug] [2026-09-10T16:26:50.673Z] Checked if tokens are valid: true, expires at: 1789061199648
[debug] [2026-09-10T16:26:50.673Z] Checked if tokens are valid: true, expires at: 1789061199648
[debug] [2026-09-10T16:26:50.673Z] >>> [apiv2][query] GET https://secretmanager.googleapis.com/v1/projects/extension-eng/secrets/R2_SECRET_ACCESS_KEY/versions/latest [none]
[debug] [2026-09-10T16:26:50.874Z] <<< [apiv2][status] GET https://secretmanager.googleapis.com/v1/projects/extension-eng/secrets/R2_SECRET_ACCESS_KEY/versions/latest 200
[debug] [2026-09-10T16:26:50.875Z] <<< [apiv2][body] GET https://secretmanager.googleapis.com/v1/projects/extension-eng/secrets/R2_SECRET_ACCESS_KEY/versions/latest {"name":"projects/249798889726/secrets/R2_SECRET_ACCESS_KEY/versions/1","createTime":"2026-08-18T21:39:02.609730Z","state":"ENABLED","replicationStatus":{"automatic":{}},"etag":"\"1659591d86f742\""}
[debug] [2026-09-10T16:26:50.875Z] Checked if tokens are valid: true, expires at: 1789061199648
[debug] [2026-09-10T16:26:50.875Z] Checked if tokens are valid: true, expires at: 1789061199648
[debug] [2026-09-10T16:26:50.875Z] >>> [apiv2][query] GET https://secretmanager.googleapis.com/v1/projects/extension-eng/secrets/STRIPE_SECRET_KEY [none]
[debug] [2026-09-10T16:26:51.143Z] <<< [apiv2][status] GET https://secretmanager.googleapis.com/v1/projects/extension-eng/secrets/STRIPE_SECRET_KEY 200
[debug] [2026-09-10T16:26:51.143Z] <<< [apiv2][body] GET https://secretmanager.googleapis.com/v1/projects/extension-eng/secrets/STRIPE_SECRET_KEY {"name":"projects/249798889726/secrets/STRIPE_SECRET_KEY","replication":{"automatic":{}},"createTime":"2026-08-13T21:16:12.499634Z","labels":{"firebase-managed":"functions"},"etag":"\"1658f436ae4632\""}
[debug] [2026-09-10T16:26:51.143Z] Checked if tokens are valid: true, expires at: 1789061199648
[debug] [2026-09-10T16:26:51.143Z] Checked if tokens are valid: true, expires at: 1789061199648
[debug] [2026-09-10T16:26:51.143Z] >>> [apiv2][query] GET https://secretmanager.googleapis.com/v1/projects/extension-eng/secrets/STRIPE_SECRET_KEY/versions/latest [none]
[debug] [2026-09-10T16:26:51.392Z] <<< [apiv2][status] GET https://secretmanager.googleapis.com/v1/projects/extension-eng/secrets/STRIPE_SECRET_KEY/versions/latest 200
[debug] [2026-09-10T16:26:51.392Z] <<< [apiv2][body] GET https://secretmanager.googleapis.com/v1/projects/extension-eng/secrets/STRIPE_SECRET_KEY/versions/latest {"name":"projects/249798889726/secrets/STRIPE_SECRET_KEY/versions/2","createTime":"2026-09-02T11:00:31.242296Z","state":"ENABLED","replicationStatus":{"automatic":{}},"etag":"\"165a7df19c8438\""}
[debug] [2026-09-10T16:26:51.392Z] Checked if tokens are valid: true, expires at: 1789061199648
[debug] [2026-09-10T16:26:51.392Z] Checked if tokens are valid: true, expires at: 1789061199648
[debug] [2026-09-10T16:26:51.392Z] >>> [apiv2][query] GET https://secretmanager.googleapis.com/v1/projects/extension-eng/secrets/STRIPE_WEBHOOK_SECRET [none]
[debug] [2026-09-10T16:26:51.617Z] <<< [apiv2][status] GET https://secretmanager.googleapis.com/v1/projects/extension-eng/secrets/STRIPE_WEBHOOK_SECRET 200
[debug] [2026-09-10T16:26:51.617Z] <<< [apiv2][body] GET https://secretmanager.googleapis.com/v1/projects/extension-eng/secrets/STRIPE_WEBHOOK_SECRET {"name":"projects/249798889726/secrets/STRIPE_WEBHOOK_SECRET","replication":{"automatic":{}},"createTime":"2026-08-13T21:18:10.645486Z","labels":{"firebase-managed":"functions"},"etag":"\"1658f43db908dc\""}
[debug] [2026-09-10T16:26:51.617Z] Checked if tokens are valid: true, expires at: 1789061199648
[debug] [2026-09-10T16:26:51.617Z] Checked if tokens are valid: true, expires at: 1789061199648
[debug] [2026-09-10T16:26:51.617Z] >>> [apiv2][query] GET https://secretmanager.googleapis.com/v1/projects/extension-eng/secrets/STRIPE_WEBHOOK_SECRET/versions/latest [none]
[debug] [2026-09-10T16:26:51.852Z] <<< [apiv2][status] GET https://secretmanager.googleapis.com/v1/projects/extension-eng/secrets/STRIPE_WEBHOOK_SECRET/versions/latest 200
[debug] [2026-09-10T16:26:51.852Z] <<< [apiv2][body] GET https://secretmanager.googleapis.com/v1/projects/extension-eng/secrets/STRIPE_WEBHOOK_SECRET/versions/latest {"name":"projects/249798889726/secrets/STRIPE_WEBHOOK_SECRET/versions/2","createTime":"2026-09-02T11:02:01.522230Z","state":"ENABLED","replicationStatus":{"automatic":{}},"etag":"\"165a7df6fe1436\""}
[info] i  functions: preparing ../functions directory for uploading... 
[info] i  functions: packaged C:\Users\FS\Documents\GitHub\Lectoro\functions (100.27 KB) for uploading 
[info] i  functions: ensuring required API run.googleapis.com is enabled... 
[info] i  functions: ensuring required API eventarc.googleapis.com is enabled... 
[info] i  functions: ensuring required API pubsub.googleapis.com is enabled... 
[info] i  functions: ensuring required API storage.googleapis.com is enabled... 
[info] i  functions: generating the service identity for pubsub.googleapis.com... 
[debug] [2026-09-10T16:26:52.044Z] Checked if tokens are valid: true, expires at: 1789061199648
[debug] [2026-09-10T16:26:52.044Z] Checked if tokens are valid: true, expires at: 1789061199648
[info] i  functions: generating the service identity for eventarc.googleapis.com... 
[debug] [2026-09-10T16:26:52.044Z] Checked if tokens are valid: true, expires at: 1789061199648
[debug] [2026-09-10T16:26:52.044Z] Checked if tokens are valid: true, expires at: 1789061199648
[debug] [2026-09-10T16:26:52.044Z] >>> [apiv2][query] POST https://serviceusage.googleapis.com/v1beta1/projects/249798889726/services/pubsub.googleapis.com:generateServiceIdentity [none]
[debug] [2026-09-10T16:26:52.044Z] >>> [apiv2][(partial)header] POST https://serviceusage.googleapis.com/v1beta1/projects/249798889726/services/pubsub.googleapis.com:generateServiceIdentity  x-goog-user-project=249798889726
[debug] [2026-09-10T16:26:52.044Z] >>> [apiv2][body] POST https://serviceusage.googleapis.com/v1beta1/projects/249798889726/services/pubsub.googleapis.com:generateServiceIdentity {}
[debug] [2026-09-10T16:26:52.045Z] >>> [apiv2][query] POST https://serviceusage.googleapis.com/v1beta1/projects/249798889726/services/eventarc.googleapis.com:generateServiceIdentity [none]
[debug] [2026-09-10T16:26:52.045Z] >>> [apiv2][(partial)header] POST https://serviceusage.googleapis.com/v1beta1/projects/249798889726/services/eventarc.googleapis.com:generateServiceIdentity  x-goog-user-project=249798889726
[debug] [2026-09-10T16:26:52.045Z] >>> [apiv2][body] POST https://serviceusage.googleapis.com/v1beta1/projects/249798889726/services/eventarc.googleapis.com:generateServiceIdentity {}
[debug] [2026-09-10T16:26:53.149Z] <<< [apiv2][status] POST https://serviceusage.googleapis.com/v1beta1/projects/249798889726/services/eventarc.googleapis.com:generateServiceIdentity 200
[debug] [2026-09-10T16:26:53.149Z] <<< [apiv2][body] POST https://serviceusage.googleapis.com/v1beta1/projects/249798889726/services/eventarc.googleapis.com:generateServiceIdentity {"name":"operations/finished.DONE_OPERATION","done":true,"response":{"@type":"type.googleapis.com/google.api.serviceusage.v1beta1.ServiceIdentity","email":"service-249798889726@gcp-sa-eventarc.iam.gserviceaccount.com","uniqueId":"117339055982918455460"}}
[debug] [2026-09-10T16:26:53.253Z] <<< [apiv2][status] POST https://serviceusage.googleapis.com/v1beta1/projects/249798889726/services/pubsub.googleapis.com:generateServiceIdentity 200
[debug] [2026-09-10T16:26:53.253Z] <<< [apiv2][body] POST https://serviceusage.googleapis.com/v1beta1/projects/249798889726/services/pubsub.googleapis.com:generateServiceIdentity {"name":"operations/finished.DONE_OPERATION","done":true,"response":{"@type":"type.googleapis.com/google.api.serviceusage.v1beta1.ServiceIdentity","email":"service-249798889726@gcp-sa-pubsub.iam.gserviceaccount.com","uniqueId":"102848016161783591046"}}
[info] i  functions: ensuring required API secretmanager.googleapis.com is enabled... 
[debug] [2026-09-10T16:26:53.257Z] Checked if tokens are valid: true, expires at: 1789061199648
[debug] [2026-09-10T16:26:53.257Z] Checked if tokens are valid: true, expires at: 1789061199648
[debug] [2026-09-10T16:26:53.257Z] Checked if tokens are valid: true, expires at: 1789061199648
[debug] [2026-09-10T16:26:53.257Z] Checked if tokens are valid: true, expires at: 1789061199648
[debug] [2026-09-10T16:26:53.257Z] Checked if tokens are valid: true, expires at: 1789061199648
[debug] [2026-09-10T16:26:53.257Z] Checked if tokens are valid: true, expires at: 1789061199648
[debug] [2026-09-10T16:26:53.257Z] Checked if tokens are valid: true, expires at: 1789061199648
[debug] [2026-09-10T16:26:53.257Z] Checked if tokens are valid: true, expires at: 1789061199648
[debug] [2026-09-10T16:26:53.257Z] Checked if tokens are valid: true, expires at: 1789061199648
[debug] [2026-09-10T16:26:53.258Z] Checked if tokens are valid: true, expires at: 1789061199648
[debug] [2026-09-10T16:26:53.258Z] >>> [apiv2][query] GET https://secretmanager.googleapis.com/v1/projects/extension-eng/secrets/STRIPE_SECRET_KEY/versions/latest [none]
[debug] [2026-09-10T16:26:53.258Z] >>> [apiv2][query] GET https://secretmanager.googleapis.com/v1/projects/extension-eng/secrets/STRIPE_WEBHOOK_SECRET/versions/latest [none]
[debug] [2026-09-10T16:26:53.260Z] >>> [apiv2][query] GET https://secretmanager.googleapis.com/v1/projects/extension-eng/secrets/LECTORO_GEMINI_API_KEY/versions/latest [none]
[debug] [2026-09-10T16:26:53.261Z] >>> [apiv2][query] GET https://secretmanager.googleapis.com/v1/projects/extension-eng/secrets/ELEVENLABS_API_KEY/versions/latest [none]
[debug] [2026-09-10T16:26:53.263Z] >>> [apiv2][query] GET https://secretmanager.googleapis.com/v1/projects/extension-eng/secrets/R2_SECRET_ACCESS_KEY/versions/latest [none]
[debug] [2026-09-10T16:26:53.468Z] <<< [apiv2][status] GET https://secretmanager.googleapis.com/v1/projects/extension-eng/secrets/STRIPE_SECRET_KEY/versions/latest 200
[debug] [2026-09-10T16:26:53.468Z] <<< [apiv2][body] GET https://secretmanager.googleapis.com/v1/projects/extension-eng/secrets/STRIPE_SECRET_KEY/versions/latest {"name":"projects/249798889726/secrets/STRIPE_SECRET_KEY/versions/2","createTime":"2026-09-02T11:00:31.242296Z","state":"ENABLED","replicationStatus":{"automatic":{}},"etag":"\"165a7df19c8438\""}
[debug] [2026-09-10T16:26:53.468Z] Resolved latest secret version of STRIPE_SECRET_KEY to 2.
[debug] [2026-09-10T16:26:53.620Z] <<< [apiv2][status] GET https://secretmanager.googleapis.com/v1/projects/extension-eng/secrets/STRIPE_WEBHOOK_SECRET/versions/latest 200
[debug] [2026-09-10T16:26:53.621Z] <<< [apiv2][body] GET https://secretmanager.googleapis.com/v1/projects/extension-eng/secrets/STRIPE_WEBHOOK_SECRET/versions/latest {"name":"projects/249798889726/secrets/STRIPE_WEBHOOK_SECRET/versions/2","createTime":"2026-09-02T11:02:01.522230Z","state":"ENABLED","replicationStatus":{"automatic":{}},"etag":"\"165a7df6fe1436\""}
[debug] [2026-09-10T16:26:53.621Z] Resolved latest secret version of STRIPE_WEBHOOK_SECRET to 2.
[debug] [2026-09-10T16:26:53.628Z] <<< [apiv2][status] GET https://secretmanager.googleapis.com/v1/projects/extension-eng/secrets/R2_SECRET_ACCESS_KEY/versions/latest 200
[debug] [2026-09-10T16:26:53.628Z] <<< [apiv2][body] GET https://secretmanager.googleapis.com/v1/projects/extension-eng/secrets/R2_SECRET_ACCESS_KEY/versions/latest {"name":"projects/249798889726/secrets/R2_SECRET_ACCESS_KEY/versions/1","createTime":"2026-08-18T21:39:02.609730Z","state":"ENABLED","replicationStatus":{"automatic":{}},"etag":"\"1659591d86f742\""}
[debug] [2026-09-10T16:26:53.628Z] Resolved latest secret version of R2_SECRET_ACCESS_KEY to 1.
[debug] [2026-09-10T16:26:53.652Z] <<< [apiv2][status] GET https://secretmanager.googleapis.com/v1/projects/extension-eng/secrets/ELEVENLABS_API_KEY/versions/latest 200
[debug] [2026-09-10T16:26:53.652Z] <<< [apiv2][body] GET https://secretmanager.googleapis.com/v1/projects/extension-eng/secrets/ELEVENLABS_API_KEY/versions/latest {"name":"projects/249798889726/secrets/ELEVENLABS_API_KEY/versions/6","createTime":"2026-08-14T11:03:52.230864Z","state":"ENABLED","replicationStatus":{"automatic":{}},"etag":"\"1658ffc69b3bd0\""}
[debug] [2026-09-10T16:26:53.653Z] Resolved latest secret version of ELEVENLABS_API_KEY to 6.
[debug] [2026-09-10T16:26:53.701Z] <<< [apiv2][status] GET https://secretmanager.googleapis.com/v1/projects/extension-eng/secrets/LECTORO_GEMINI_API_KEY/versions/latest 200
[debug] [2026-09-10T16:26:53.701Z] <<< [apiv2][body] GET https://secretmanager.googleapis.com/v1/projects/extension-eng/secrets/LECTORO_GEMINI_API_KEY/versions/latest {"name":"projects/249798889726/secrets/LECTORO_GEMINI_API_KEY/versions/1","createTime":"2026-08-13T17:20:31.999682Z","state":"ENABLED","replicationStatus":{"automatic":{}},"etag":"\"1658f0ebd0f6c2\""}
[debug] [2026-09-10T16:26:53.701Z] Resolved latest secret version of LECTORO_GEMINI_API_KEY to 1.
[debug] [2026-09-10T16:26:53.704Z] Checked if tokens are valid: true, expires at: 1789061199648
[debug] [2026-09-10T16:26:53.704Z] Checked if tokens are valid: true, expires at: 1789061199648
[debug] [2026-09-10T16:26:53.704Z] >>> [apiv2][query] GET https://cloudbilling.googleapis.com/v1/projects/extension-eng/billingInfo [none]
[debug] [2026-09-10T16:26:53.704Z] >>> [apiv2][(partial)header] GET https://cloudbilling.googleapis.com/v1/projects/extension-eng/billingInfo  x-goog-user-project=extension-eng
[debug] [2026-09-10T16:26:54.601Z] <<< [apiv2][status] GET https://cloudbilling.googleapis.com/v1/projects/extension-eng/billingInfo 200
[debug] [2026-09-10T16:26:54.601Z] <<< [apiv2][body] GET https://cloudbilling.googleapis.com/v1/projects/extension-eng/billingInfo {"name":"projects/extension-eng/billingInfo","projectId":"extension-eng","billingAccountName":"billingAccounts/013630-5917D1-514D49","billingEnabled":true}
[debug] [2026-09-10T16:26:54.603Z] Checked if tokens are valid: true, expires at: 1789061199648
[debug] [2026-09-10T16:26:54.603Z] Checked if tokens are valid: true, expires at: 1789061199648
[debug] [2026-09-10T16:26:54.603Z] >>> [apiv2][query] POST https://cloudfunctions.googleapis.com/v2/projects/extension-eng/locations/europe-west1/functions:generateUploadUrl [none]
[debug] [2026-09-10T16:26:54.910Z] <<< [apiv2][status] POST https://cloudfunctions.googleapis.com/v2/projects/extension-eng/locations/europe-west1/functions:generateUploadUrl 200
[debug] [2026-09-10T16:26:54.910Z] <<< [apiv2][body] POST https://cloudfunctions.googleapis.com/v2/projects/extension-eng/locations/europe-west1/functions:generateUploadUrl {"uploadUrl":"https://storage.googleapis.com/gcf-v2-uploads-249798889726.europe-west1.cloudfunctions.appspot.com/316829a6-d3b8-4374-b4fd-e64582b871d9.zip?GoogleAccessId=service-249798889726@gcf-admin-robot.iam.gserviceaccount.com&Expires=1789059413&Signature=VPlKAOp7KyAf6SRGx3gOs1uh7gp0sLAveQ526vP78lSeeg4gmw0lCAXo3srYPlXrNB4h2OR0shU%2FS8y5E%2Bb%2F0w%2BlLyRiYXbr19vQf3nbRY1zKmNLixDTsUq%2BfE2nRK8EoqNFyIXX2%2Fgh5lMG6M8OaaeMwMcvfZ0fY%2FJmoko0%2BaK75tIRVc7sHMiKbkWuVoOr6wG0VsjmmpsS8Xma8L7Ct7cy%2FkIuv1Cresj2D5kWDyTu8b3xN0x8afoFHqxN%2FMHK8ZqvbTFoy3hB9vWkfwahJM9E8HodjPOzJ7HW%2BwQgMtNkmf4XoEpTNz33gsNytyhagHkyBq1jRIj8uQkKOZnWqg%3D%3D","storageSource":{"bucket":"gcf-v2-uploads-249798889726.europe-west1.cloudfunctions.appspot.com","object":"316829a6-d3b8-4374-b4fd-e64582b871d9.zip"}}
[debug] [2026-09-10T16:26:54.911Z] >>> [apiv2][query] PUT https://storage.googleapis.com/gcf-v2-uploads-249798889726.europe-west1.cloudfunctions.appspot.com/316829a6-d3b8-4374-b4fd-e64582b871d9.zip GoogleAccessId=service-249798889726%40gcf-admin-robot.iam.gserviceaccount.com&Expires=1789059413&Signature=VPlKAOp7KyAf6SRGx3gOs1uh7gp0sLAveQ526vP78lSeeg4gmw0lCAXo3srYPlXrNB4h2OR0shU%2FS8y5E%2Bb%2F0w%2BlLyRiYXbr19vQf3nbRY1zKmNLixDTsUq%2BfE2nRK8EoqNFyIXX2%2Fgh5lMG6M8OaaeMwMcvfZ0fY%2FJmoko0%2BaK75tIRVc7sHMiKbkWuVoOr6wG0VsjmmpsS8Xma8L7Ct7cy%2FkIuv1Cresj2D5kWDyTu8b3xN0x8afoFHqxN%2FMHK8ZqvbTFoy3hB9vWkfwahJM9E8HodjPOzJ7HW%2BwQgMtNkmf4XoEpTNz33gsNytyhagHkyBq1jRIj8uQkKOZnWqg%3D%3D
[debug] [2026-09-10T16:26:54.911Z] >>> [apiv2][body] PUT https://storage.googleapis.com/gcf-v2-uploads-249798889726.europe-west1.cloudfunctions.appspot.com/316829a6-d3b8-4374-b4fd-e64582b871d9.zip [stream]
[debug] [2026-09-10T16:26:55.356Z] <<< [apiv2][status] PUT https://storage.googleapis.com/gcf-v2-uploads-249798889726.europe-west1.cloudfunctions.appspot.com/316829a6-d3b8-4374-b4fd-e64582b871d9.zip 200
[debug] [2026-09-10T16:26:55.356Z] <<< [apiv2][body] PUT https://storage.googleapis.com/gcf-v2-uploads-249798889726.europe-west1.cloudfunctions.appspot.com/316829a6-d3b8-4374-b4fd-e64582b871d9.zip [omitted]
[info] +  functions: ../functions source uploaded successfully 
[debug] [2026-09-10T16:26:55.360Z] Checked if tokens are valid: true, expires at: 1789061199648
[debug] [2026-09-10T16:26:55.360Z] Checked if tokens are valid: true, expires at: 1789061199648
[debug] [2026-09-10T16:26:55.360Z] >>> [apiv2][query] GET https://cloudresourcemanager.googleapis.com/v1/projects/extension-eng [none]
[debug] [2026-09-10T16:26:56.279Z] <<< [apiv2][status] GET https://cloudresourcemanager.googleapis.com/v1/projects/extension-eng 200
[debug] [2026-09-10T16:26:56.279Z] <<< [apiv2][body] GET https://cloudresourcemanager.googleapis.com/v1/projects/extension-eng {"projectNumber":"249798889726","projectId":"extension-eng","lifecycleState":"ACTIVE","name":"extension-eng","labels":{"firebase":"enabled","firebase-core":"disabled"},"createTime":"2026-02-27T14:12:35.329974Z"}
[debug] [2026-09-10T16:26:56.280Z] Checked if tokens are valid: true, expires at: 1789061199648
[debug] [2026-09-10T16:26:56.280Z] Checked if tokens are valid: true, expires at: 1789061199648
[debug] [2026-09-10T16:26:56.280Z] >>> [apiv2][query] GET https://compute.googleapis.com/compute/v1/projects/249798889726 [none]
[debug] [2026-09-10T16:26:56.690Z] <<< [apiv2][status] GET https://compute.googleapis.com/compute/v1/projects/249798889726 403
[debug] [2026-09-10T16:26:56.691Z] <<< [apiv2][body] GET https://compute.googleapis.com/compute/v1/projects/249798889726 {"error":{"code":403,"message":"Compute Engine API has not been used in project 249798889726 before or it is disabled. Enable it by visiting https://console.developers.google.com/apis/api/compute.googleapis.com/overview?project=249798889726 then retry. If you enabled this API recently, wait a few minutes for the action to propagate to our systems and retry.","errors":[{"message":"Compute Engine API has not been used in project 249798889726 before or it is disabled. Enable it by visiting https://console.developers.google.com/apis/api/compute.googleapis.com/overview?project=249798889726 then retry. If you enabled this API recently, wait a few minutes for the action to propagate to our systems and retry.","domain":"usageLimits","reason":"accessNotConfigured","extendedHelp":"https://console.developers.google.com"}],"status":"PERMISSION_DENIED","details":[{"@type":"type.googleapis.com/google.rpc.ErrorInfo","reason":"SERVICE_DISABLED","domain":"googleapis.com","metadata":{"serviceTitle":"Compute Engine API","service":"compute.googleapis.com","consumer":"projects/249798889726","containerInfo":"249798889726","activationUrl":"https://console.developers.google.com/apis/api/compute.googleapis.com/overview?project=249798889726"}},{"@type":"type.googleapis.com/google.rpc.LocalizedMessage","locale":"en-US","message":"Compute Engine API has not been used in project 249798889726 before or it is disabled. Enable it by visiting https://console.developers.google.com/apis/api/compute.googleapis.com/overview?project=249798889726 then retry. If you enabled this API recently, wait a few minutes for the action to propagate to our systems and retry."},{"@type":"type.googleapis.com/google.rpc.Help","links":[{"description":"Google developers console API activation","url":"https://console.developers.google.com/apis/api/compute.googleapis.com/overview?project=249798889726"}]}]}}
[debug] [2026-09-10T16:26:56.693Z] unable to look up default compute service account. Falling back to 249798889726-compute@developer.gserviceaccount.com. Error: {"name":"FirebaseError","children":[],"context":{"body":{"error":{"code":403,"message":"Compute Engine API has not been used in project 249798889726 before or it is disabled. Enable it by visiting https://console.developers.google.com/apis/api/compute.googleapis.com/overview?project=249798889726 then retry. If you enabled this API recently, wait a few minutes for the action to propagate to our systems and retry.","errors":[{"message":"Compute Engine API has not been used in project 249798889726 before or it is disabled. Enable it by visiting https://console.developers.google.com/apis/api/compute.googleapis.com/overview?project=249798889726 then retry. If you enabled this API recently, wait a few minutes for the action to propagate to our systems and retry.","domain":"usageLimits","reason":"accessNotConfigured","extendedHelp":"https://console.developers.google.com"}],"status":"PERMISSION_DENIED","details":[{"@type":"type.googleapis.com/google.rpc.ErrorInfo","reason":"SERVICE_DISABLED","domain":"googleapis.com","metadata":{"serviceTitle":"Compute Engine API","service":"compute.googleapis.com","consumer":"projects/249798889726","containerInfo":"249798889726","activationUrl":"https://console.developers.google.com/apis/api/compute.googleapis.com/overview?project=249798889726"}},{"@type":"type.googleapis.com/google.rpc.LocalizedMessage","locale":"en-US","message":"Compute Engine API has not been used in project 249798889726 before or it is disabled. Enable it by visiting https://console.developers.google.com/apis/api/compute.googleapis.com/overview?project=249798889726 then retry. If you enabled this API recently, wait a few minutes for the action to propagate to our systems and retry."},{"@type":"type.googleapis.com/google.rpc.Help","links":[{"description":"Google developers console API activation","url":"https://console.developers.google.com/apis/api/compute.googleapis.com/overview?project=249798889726"}]}]}},"response":{"statusCode":403}},"exit":1,"message":"Request to https://compute.googleapis.com/compute/v1/projects/249798889726 had HTTP Error: 403, Compute Engine API has not been used in project 249798889726 before or it is disabled. Enable it by visiting https://console.developers.google.com/apis/api/compute.googleapis.com/overview?project=249798889726 then retry. If you enabled this API recently, wait a few minutes for the action to propagate to our systems and retry.","status":403}
[debug] [2026-09-10T16:26:56.693Z] Checked if tokens are valid: true, expires at: 1789061199648
[debug] [2026-09-10T16:26:56.693Z] Checked if tokens are valid: true, expires at: 1789061199648
[debug] [2026-09-10T16:26:56.694Z] >>> [apiv2][query] GET https://compute.googleapis.com/compute/v1/projects/249798889726 [none]
[debug] [2026-09-10T16:26:56.906Z] <<< [apiv2][status] GET https://compute.googleapis.com/compute/v1/projects/249798889726 403
[debug] [2026-09-10T16:26:56.906Z] <<< [apiv2][body] GET https://compute.googleapis.com/compute/v1/projects/249798889726 {"error":{"code":403,"message":"Compute Engine API has not been used in project 249798889726 before or it is disabled. Enable it by visiting https://console.developers.google.com/apis/api/compute.googleapis.com/overview?project=249798889726 then retry. If you enabled this API recently, wait a few minutes for the action to propagate to our systems and retry.","errors":[{"message":"Compute Engine API has not been used in project 249798889726 before or it is disabled. Enable it by visiting https://console.developers.google.com/apis/api/compute.googleapis.com/overview?project=249798889726 then retry. If you enabled this API recently, wait a few minutes for the action to propagate to our systems and retry.","domain":"usageLimits","reason":"accessNotConfigured","extendedHelp":"https://console.developers.google.com"}],"status":"PERMISSION_DENIED","details":[{"@type":"type.googleapis.com/google.rpc.ErrorInfo","reason":"SERVICE_DISABLED","domain":"googleapis.com","metadata":{"serviceTitle":"Compute Engine API","service":"compute.googleapis.com","activationUrl":"https://console.developers.google.com/apis/api/compute.googleapis.com/overview?project=249798889726","consumer":"projects/249798889726","containerInfo":"249798889726"}},{"@type":"type.googleapis.com/google.rpc.LocalizedMessage","locale":"en-US","message":"Compute Engine API has not been used in project 249798889726 before or it is disabled. Enable it by visiting https://console.developers.google.com/apis/api/compute.googleapis.com/overview?project=249798889726 then retry. If you enabled this API recently, wait a few minutes for the action to propagate to our systems and retry."},{"@type":"type.googleapis.com/google.rpc.Help","links":[{"description":"Google developers console API activation","url":"https://console.developers.google.com/apis/api/compute.googleapis.com/overview?project=249798889726"}]}]}}
[debug] [2026-09-10T16:26:56.906Z] unable to look up default compute service account. Falling back to 249798889726-compute@developer.gserviceaccount.com. Error: {"name":"FirebaseError","children":[],"context":{"body":{"error":{"code":403,"message":"Compute Engine API has not been used in project 249798889726 before or it is disabled. Enable it by visiting https://console.developers.google.com/apis/api/compute.googleapis.com/overview?project=249798889726 then retry. If you enabled this API recently, wait a few minutes for the action to propagate to our systems and retry.","errors":[{"message":"Compute Engine API has not been used in project 249798889726 before or it is disabled. Enable it by visiting https://console.developers.google.com/apis/api/compute.googleapis.com/overview?project=249798889726 then retry. If you enabled this API recently, wait a few minutes for the action to propagate to our systems and retry.","domain":"usageLimits","reason":"accessNotConfigured","extendedHelp":"https://console.developers.google.com"}],"status":"PERMISSION_DENIED","details":[{"@type":"type.googleapis.com/google.rpc.ErrorInfo","reason":"SERVICE_DISABLED","domain":"googleapis.com","metadata":{"serviceTitle":"Compute Engine API","service":"compute.googleapis.com","activationUrl":"https://console.developers.google.com/apis/api/compute.googleapis.com/overview?project=249798889726","consumer":"projects/249798889726","containerInfo":"249798889726"}},{"@type":"type.googleapis.com/google.rpc.LocalizedMessage","locale":"en-US","message":"Compute Engine API has not been used in project 249798889726 before or it is disabled. Enable it by visiting https://console.developers.google.com/apis/api/compute.googleapis.com/overview?project=249798889726 then retry. If you enabled this API recently, wait a few minutes for the action to propagate to our systems and retry."},{"@type":"type.googleapis.com/google.rpc.Help","links":[{"description":"Google developers console API activation","url":"https://console.developers.google.com/apis/api/compute.googleapis.com/overview?project=249798889726"}]}]}},"response":{"statusCode":403}},"exit":1,"message":"Request to https://compute.googleapis.com/compute/v1/projects/249798889726 had HTTP Error: 403, Compute Engine API has not been used in project 249798889726 before or it is disabled. Enable it by visiting https://console.developers.google.com/apis/api/compute.googleapis.com/overview?project=249798889726 then retry. If you enabled this API recently, wait a few minutes for the action to propagate to our systems and retry.","status":403}
[debug] [2026-09-10T16:26:56.907Z] Checked if tokens are valid: true, expires at: 1789061199648
[debug] [2026-09-10T16:26:56.907Z] Checked if tokens are valid: true, expires at: 1789061199648
[debug] [2026-09-10T16:26:56.907Z] >>> [apiv2][query] GET https://compute.googleapis.com/compute/v1/projects/249798889726 [none]
[debug] [2026-09-10T16:26:57.112Z] <<< [apiv2][status] GET https://compute.googleapis.com/compute/v1/projects/249798889726 403
[debug] [2026-09-10T16:26:57.112Z] <<< [apiv2][body] GET https://compute.googleapis.com/compute/v1/projects/249798889726 {"error":{"code":403,"message":"Compute Engine API has not been used in project 249798889726 before or it is disabled. Enable it by visiting https://console.developers.google.com/apis/api/compute.googleapis.com/overview?project=249798889726 then retry. If you enabled this API recently, wait a few minutes for the action to propagate to our systems and retry.","errors":[{"message":"Compute Engine API has not been used in project 249798889726 before or it is disabled. Enable it by visiting https://console.developers.google.com/apis/api/compute.googleapis.com/overview?project=249798889726 then retry. If you enabled this API recently, wait a few minutes for the action to propagate to our systems and retry.","domain":"usageLimits","reason":"accessNotConfigured","extendedHelp":"https://console.developers.google.com"}],"status":"PERMISSION_DENIED","details":[{"@type":"type.googleapis.com/google.rpc.ErrorInfo","reason":"SERVICE_DISABLED","domain":"googleapis.com","metadata":{"consumer":"projects/249798889726","service":"compute.googleapis.com","serviceTitle":"Compute Engine API","containerInfo":"249798889726","activationUrl":"https://console.developers.google.com/apis/api/compute.googleapis.com/overview?project=249798889726"}},{"@type":"type.googleapis.com/google.rpc.LocalizedMessage","locale":"en-US","message":"Compute Engine API has not been used in project 249798889726 before or it is disabled. Enable it by visiting https://console.developers.google.com/apis/api/compute.googleapis.com/overview?project=249798889726 then retry. If you enabled this API recently, wait a few minutes for the action to propagate to our systems and retry."},{"@type":"type.googleapis.com/google.rpc.Help","links":[{"description":"Google developers console API activation","url":"https://console.developers.google.com/apis/api/compute.googleapis.com/overview?project=249798889726"}]}]}}
[debug] [2026-09-10T16:26:57.112Z] unable to look up default compute service account. Falling back to 249798889726-compute@developer.gserviceaccount.com. Error: {"name":"FirebaseError","children":[],"context":{"body":{"error":{"code":403,"message":"Compute Engine API has not been used in project 249798889726 before or it is disabled. Enable it by visiting https://console.developers.google.com/apis/api/compute.googleapis.com/overview?project=249798889726 then retry. If you enabled this API recently, wait a few minutes for the action to propagate to our systems and retry.","errors":[{"message":"Compute Engine API has not been used in project 249798889726 before or it is disabled. Enable it by visiting https://console.developers.google.com/apis/api/compute.googleapis.com/overview?project=249798889726 then retry. If you enabled this API recently, wait a few minutes for the action to propagate to our systems and retry.","domain":"usageLimits","reason":"accessNotConfigured","extendedHelp":"https://console.developers.google.com"}],"status":"PERMISSION_DENIED","details":[{"@type":"type.googleapis.com/google.rpc.ErrorInfo","reason":"SERVICE_DISABLED","domain":"googleapis.com","metadata":{"consumer":"projects/249798889726","service":"compute.googleapis.com","serviceTitle":"Compute Engine API","containerInfo":"249798889726","activationUrl":"https://console.developers.google.com/apis/api/compute.googleapis.com/overview?project=249798889726"}},{"@type":"type.googleapis.com/google.rpc.LocalizedMessage","locale":"en-US","message":"Compute Engine API has not been used in project 249798889726 before or it is disabled. Enable it by visiting https://console.developers.google.com/apis/api/compute.googleapis.com/overview?project=249798889726 then retry. If you enabled this API recently, wait a few minutes for the action to propagate to our systems and retry."},{"@type":"type.googleapis.com/google.rpc.Help","links":[{"description":"Google developers console API activation","url":"https://console.developers.google.com/apis/api/compute.googleapis.com/overview?project=249798889726"}]}]}},"response":{"statusCode":403}},"exit":1,"message":"Request to https://compute.googleapis.com/compute/v1/projects/249798889726 had HTTP Error: 403, Compute Engine API has not been used in project 249798889726 before or it is disabled. Enable it by visiting https://console.developers.google.com/apis/api/compute.googleapis.com/overview?project=249798889726 then retry. If you enabled this API recently, wait a few minutes for the action to propagate to our systems and retry.","status":403}
[debug] [2026-09-10T16:26:57.112Z] Checked if tokens are valid: true, expires at: 1789061199648
[debug] [2026-09-10T16:26:57.112Z] Checked if tokens are valid: true, expires at: 1789061199648
[debug] [2026-09-10T16:26:57.112Z] >>> [apiv2][query] GET https://compute.googleapis.com/compute/v1/projects/249798889726 [none]
[debug] [2026-09-10T16:26:57.340Z] <<< [apiv2][status] GET https://compute.googleapis.com/compute/v1/projects/249798889726 403
[debug] [2026-09-10T16:26:57.340Z] <<< [apiv2][body] GET https://compute.googleapis.com/compute/v1/projects/249798889726 {"error":{"code":403,"message":"Compute Engine API has not been used in project 249798889726 before or it is disabled. Enable it by visiting https://console.developers.google.com/apis/api/compute.googleapis.com/overview?project=249798889726 then retry. If you enabled this API recently, wait a few minutes for the action to propagate to our systems and retry.","errors":[{"message":"Compute Engine API has not been used in project 249798889726 before or it is disabled. Enable it by visiting https://console.developers.google.com/apis/api/compute.googleapis.com/overview?project=249798889726 then retry. If you enabled this API recently, wait a few minutes for the action to propagate to our systems and retry.","domain":"usageLimits","reason":"accessNotConfigured","extendedHelp":"https://console.developers.google.com"}],"status":"PERMISSION_DENIED","details":[{"@type":"type.googleapis.com/google.rpc.ErrorInfo","reason":"SERVICE_DISABLED","domain":"googleapis.com","metadata":{"service":"compute.googleapis.com","containerInfo":"249798889726","activationUrl":"https://console.developers.google.com/apis/api/compute.googleapis.com/overview?project=249798889726","consumer":"projects/249798889726","serviceTitle":"Compute Engine API"}},{"@type":"type.googleapis.com/google.rpc.LocalizedMessage","locale":"en-US","message":"Compute Engine API has not been used in project 249798889726 before or it is disabled. Enable it by visiting https://console.developers.google.com/apis/api/compute.googleapis.com/overview?project=249798889726 then retry. If you enabled this API recently, wait a few minutes for the action to propagate to our systems and retry."},{"@type":"type.googleapis.com/google.rpc.Help","links":[{"description":"Google developers console API activation","url":"https://console.developers.google.com/apis/api/compute.googleapis.com/overview?project=249798889726"}]}]}}
[debug] [2026-09-10T16:26:57.340Z] unable to look up default compute service account. Falling back to 249798889726-compute@developer.gserviceaccount.com. Error: {"name":"FirebaseError","children":[],"context":{"body":{"error":{"code":403,"message":"Compute Engine API has not been used in project 249798889726 before or it is disabled. Enable it by visiting https://console.developers.google.com/apis/api/compute.googleapis.com/overview?project=249798889726 then retry. If you enabled this API recently, wait a few minutes for the action to propagate to our systems and retry.","errors":[{"message":"Compute Engine API has not been used in project 249798889726 before or it is disabled. Enable it by visiting https://console.developers.google.com/apis/api/compute.googleapis.com/overview?project=249798889726 then retry. If you enabled this API recently, wait a few minutes for the action to propagate to our systems and retry.","domain":"usageLimits","reason":"accessNotConfigured","extendedHelp":"https://console.developers.google.com"}],"status":"PERMISSION_DENIED","details":[{"@type":"type.googleapis.com/google.rpc.ErrorInfo","reason":"SERVICE_DISABLED","domain":"googleapis.com","metadata":{"service":"compute.googleapis.com","containerInfo":"249798889726","activationUrl":"https://console.developers.google.com/apis/api/compute.googleapis.com/overview?project=249798889726","consumer":"projects/249798889726","serviceTitle":"Compute Engine API"}},{"@type":"type.googleapis.com/google.rpc.LocalizedMessage","locale":"en-US","message":"Compute Engine API has not been used in project 249798889726 before or it is disabled. Enable it by visiting https://console.developers.google.com/apis/api/compute.googleapis.com/overview?project=249798889726 then retry. If you enabled this API recently, wait a few minutes for the action to propagate to our systems and retry."},{"@type":"type.googleapis.com/google.rpc.Help","links":[{"description":"Google developers console API activation","url":"https://console.developers.google.com/apis/api/compute.googleapis.com/overview?project=249798889726"}]}]}},"response":{"statusCode":403}},"exit":1,"message":"Request to https://compute.googleapis.com/compute/v1/projects/249798889726 had HTTP Error: 403, Compute Engine API has not been used in project 249798889726 before or it is disabled. Enable it by visiting https://console.developers.google.com/apis/api/compute.googleapis.com/overview?project=249798889726 then retry. If you enabled this API recently, wait a few minutes for the action to propagate to our systems and retry.","status":403}
[info] i  functions: updating Node.js 20 (2nd Gen) function createStripeCheckoutSession(europe-west1)... 
[info] i  functions: updating Node.js 20 (2nd Gen) function createStripePortalSession(europe-west1)... 
[info] i  functions: updating Node.js 20 (2nd Gen) function stripeWebhook(europe-west1)... 
[info] i  functions: updating Node.js 20 (2nd Gen) function geminiProxy(europe-west1)... 
[info] i  functions: updating Node.js 20 (2nd Gen) function stripeCheckoutResult(europe-west1)... 
[debug] [2026-09-10T16:26:57.344Z] Checked if tokens are valid: true, expires at: 1789061199648
[debug] [2026-09-10T16:26:57.344Z] Checked if tokens are valid: true, expires at: 1789061199648
[debug] [2026-09-10T16:26:57.344Z] Checked if tokens are valid: true, expires at: 1789061199648
[debug] [2026-09-10T16:26:57.344Z] Checked if tokens are valid: true, expires at: 1789061199648
[debug] [2026-09-10T16:26:57.344Z] >>> [apiv2][query] PATCH https://cloudfunctions.googleapis.com/v2/projects/extension-eng/locations/europe-west1/functions/createStripeCheckoutSession updateMask=name%2CbuildConfig.runtime%2CbuildConfig.entryPoint%2CbuildConfig.source.storageSource.bucket%2CbuildConfig.source.storageSource.object%2CbuildConfig.environmentVariables%2CbuildConfig.sourceToken%2CserviceConfig.environmentVariables%2CserviceConfig.secretEnvironmentVariables%2CserviceConfig.ingressSettings%2CserviceConfig.timeoutSeconds%2CserviceConfig.serviceAccountEmail%2CserviceConfig.availableMemory%2CserviceConfig.minInstanceCount%2CserviceConfig.maxInstanceCount%2CserviceConfig.maxInstanceRequestConcurrency%2CserviceConfig.availableCpu%2CserviceConfig.vpcConnector%2CserviceConfig.vpcConnectorEgressSettings%2CserviceConfig.directVpcNetworkInterface%2CserviceConfig.directVpcEgress%2Clabels
[debug] [2026-09-10T16:26:57.344Z] >>> [apiv2][body] PATCH https://cloudfunctions.googleapis.com/v2/projects/extension-eng/locations/europe-west1/functions/createStripeCheckoutSession {"name":"projects/extension-eng/locations/europe-west1/functions/createStripeCheckoutSession","buildConfig":{"runtime":"nodejs20","entryPoint":"createStripeCheckoutSession","source":{"storageSource":{"bucket":"gcf-v2-uploads-249798889726.europe-west1.cloudfunctions.appspot.com","object":"316829a6-d3b8-4374-b4fd-e64582b871d9.zip"}},"environmentVariables":{"GOOGLE_NODE_RUN_SCRIPTS":""}},"serviceConfig":{"environmentVariables":{"STRIPE_BASIC_PRICE_ID":"price_1U45bvPWye8UyAN8xKC8ista","STRIPE_PRO_PRICE_ID":"price_1U46tdPWye8UyAN8jN2EpPxa","R2_ACCOUNT_ID":"94b9a2de404c8e3f8efa532d0607b5f1","R2_BUCKET_NAME":"lectoro-media","R2_PUBLIC_URL":"https://pub-ee4534784e534bd9af38ba8022bc5e1e.r2.dev","R2_ACCESS_KEY_ID":"75713468bf056703eec66c5821e564f5","FIREBASE_CONFIG":"{\"projectId\":\"extension-eng\",\"storageBucket\":\"extension-eng.firebasestorage.app\"}","GCLOUD_PROJECT":"extension-eng","EVENTARC_CLOUD_EVENT_SOURCE":"projects/extension-eng/locations/europe-west1/services/createStripeCheckoutSession","FUNCTION_REGION":"europe-west1","FUNCTION_TARGET":"createStripeCheckoutSession","LOG_EXECUTION_ID":"true","FUNCTION_SIGNATURE_TYPE":"http"},"secretEnvironmentVariables":[{"key":"STRIPE_SECRET_KEY","secret":"STRIPE_SECRET_KEY","projectId":"extension-eng","version":"2"}],"ingressSettings":null,"timeoutSeconds":30,"serviceAccountEmail":null,"availableMemory":"256Mi","minInstanceCount":null,"maxInstanceCount":null,"maxInstanceRequestConcurrency":80,"availableCpu":"1","vpcConnector":null,"vpcConnectorEgressSettings":null,"directVpcNetworkInterface":null,"directVpcEgress":null},"labels":{"deployment-tool":"cli-firebase","firebase-functions-hash":"952c6ab4a3ebf25000284643053abc0cf779dd14"}}
[debug] [2026-09-10T16:26:57.345Z] >>> [apiv2][query] PATCH https://cloudfunctions.googleapis.com/v2/projects/extension-eng/locations/europe-west1/functions/stripeCheckoutResult updateMask=name%2CbuildConfig.runtime%2CbuildConfig.entryPoint%2CbuildConfig.source.storageSource.bucket%2CbuildConfig.source.storageSource.object%2CbuildConfig.environmentVariables%2CbuildConfig.sourceToken%2CserviceConfig.environmentVariables%2CserviceConfig.ingressSettings%2CserviceConfig.timeoutSeconds%2CserviceConfig.serviceAccountEmail%2CserviceConfig.availableMemory%2CserviceConfig.minInstanceCount%2CserviceConfig.maxInstanceCount%2CserviceConfig.maxInstanceRequestConcurrency%2CserviceConfig.availableCpu%2CserviceConfig.vpcConnector%2CserviceConfig.vpcConnectorEgressSettings%2CserviceConfig.directVpcNetworkInterface%2CserviceConfig.directVpcEgress%2Clabels
[debug] [2026-09-10T16:26:57.345Z] >>> [apiv2][body] PATCH https://cloudfunctions.googleapis.com/v2/projects/extension-eng/locations/europe-west1/functions/stripeCheckoutResult {"name":"projects/extension-eng/locations/europe-west1/functions/stripeCheckoutResult","buildConfig":{"runtime":"nodejs20","entryPoint":"stripeCheckoutResult","source":{"storageSource":{"bucket":"gcf-v2-uploads-249798889726.europe-west1.cloudfunctions.appspot.com","object":"316829a6-d3b8-4374-b4fd-e64582b871d9.zip"}},"environmentVariables":{"GOOGLE_NODE_RUN_SCRIPTS":""}},"serviceConfig":{"environmentVariables":{"STRIPE_BASIC_PRICE_ID":"price_1U45bvPWye8UyAN8xKC8ista","STRIPE_PRO_PRICE_ID":"price_1U46tdPWye8UyAN8jN2EpPxa","R2_ACCOUNT_ID":"94b9a2de404c8e3f8efa532d0607b5f1","R2_BUCKET_NAME":"lectoro-media","R2_PUBLIC_URL":"https://pub-ee4534784e534bd9af38ba8022bc5e1e.r2.dev","R2_ACCESS_KEY_ID":"75713468bf056703eec66c5821e564f5","FIREBASE_CONFIG":"{\"projectId\":\"extension-eng\",\"storageBucket\":\"extension-eng.firebasestorage.app\"}","GCLOUD_PROJECT":"extension-eng","EVENTARC_CLOUD_EVENT_SOURCE":"projects/extension-eng/locations/europe-west1/services/stripeCheckoutResult","FUNCTION_REGION":"europe-west1","FUNCTION_TARGET":"stripeCheckoutResult","LOG_EXECUTION_ID":"true"},"ingressSettings":null,"timeoutSeconds":null,"serviceAccountEmail":null,"availableMemory":"256Mi","minInstanceCount":null,"maxInstanceCount":null,"maxInstanceRequestConcurrency":80,"availableCpu":"1","vpcConnector":null,"vpcConnectorEgressSettings":null,"directVpcNetworkInterface":null,"directVpcEgress":null},"labels":{"deployment-tool":"cli-firebase","firebase-functions-hash":"d98c985f1f81dfe707ddbf33cf0d8bdacf337d34"}}
[debug] [2026-09-10T16:26:58.517Z] <<< [apiv2][status] PATCH https://cloudfunctions.googleapis.com/v2/projects/extension-eng/locations/europe-west1/functions/createStripeCheckoutSession 200
[debug] [2026-09-10T16:26:58.517Z] <<< [apiv2][body] PATCH https://cloudfunctions.googleapis.com/v2/projects/extension-eng/locations/europe-west1/functions/createStripeCheckoutSession {"name":"projects/extension-eng/locations/europe-west1/operations/operation-1789057616453-65b236fb61fbb-7348075d-00e19925","metadata":{"@type":"type.googleapis.com/google.cloud.functions.v2.OperationMetadata","createTime":"2026-09-10T16:26:57.422795273Z","target":"projects/extension-eng/locations/europe-west1/functions/createStripeCheckoutSession","verb":"update","cancelRequested":false,"apiVersion":"v2"},"done":false}
[debug] [2026-09-10T16:26:58.518Z] Checked if tokens are valid: true, expires at: 1789061199648
[debug] [2026-09-10T16:26:58.518Z] Checked if tokens are valid: true, expires at: 1789061199648
[debug] [2026-09-10T16:26:58.519Z] >>> [apiv2][query] GET https://cloudfunctions.googleapis.com/v2/projects/extension-eng/locations/europe-west1/operations/operation-1789057616453-65b236fb61fbb-7348075d-00e19925 [none]
[debug] [2026-09-10T16:26:58.696Z] <<< [apiv2][status] GET https://cloudfunctions.googleapis.com/v2/projects/extension-eng/locations/europe-west1/operations/operation-1789057616453-65b236fb61fbb-7348075d-00e19925 200
[debug] [2026-09-10T16:26:58.697Z] <<< [apiv2][body] GET https://cloudfunctions.googleapis.com/v2/projects/extension-eng/locations/europe-west1/operations/operation-1789057616453-65b236fb61fbb-7348075d-00e19925 {"name":"projects/extension-eng/locations/europe-west1/operations/operation-1789057616453-65b236fb61fbb-7348075d-00e19925","metadata":{"@type":"type.googleapis.com/google.cloud.functions.v2.OperationMetadata","createTime":"2026-09-10T16:26:57.422795273Z","target":"projects/extension-eng/locations/europe-west1/functions/createStripeCheckoutSession","verb":"update","cancelRequested":false,"apiVersion":"v2","requestResource":{"@type":"type.googleapis.com/google.cloud.functions.v2.Function","name":"projects/extension-eng/locations/europe-west1/functions/createStripeCheckoutSession","buildConfig":{"runtime":"nodejs20","entryPoint":"createStripeCheckoutSession","source":{"storageSource":{"bucket":"gcf-v2-sources-249798889726-europe-west1","object":"createStripeCheckoutSession/function-source.zip","generation":"1789057617378477"}},"environmentVariables":{"GOOGLE_NODE_RUN_SCRIPTS":""},"dockerRepository":"projects/extension-eng/locations/europe-west1/repositories/gcf-artifacts","sourceProvenance":{"resolvedStorageSource":{"bucket":"gcf-v2-sources-249798889726-europe-west1","object":"createStripeCheckoutSession/function-source.zip","generation":"1789057143389200"}},"dockerRegistry":"ARTIFACT_REGISTRY","serviceAccount":"projects/extension-eng/serviceAccounts/249798889726-compute@developer.gserviceaccount.com","automaticUpdatePolicy":{}},"serviceConfig":{"service":"projects/extension-eng/locations/europe-west1/services/createstripecheckoutsession","timeoutSeconds":30,"environmentVariables":{"STRIPE_BASIC_PRICE_ID":"price_1U45bvPWye8UyAN8xKC8ista","STRIPE_PRO_PRICE_ID":"price_1U46tdPWye8UyAN8jN2EpPxa","R2_ACCOUNT_ID":"94b9a2de404c8e3f8efa532d0607b5f1","R2_BUCKET_NAME":"lectoro-media","R2_PUBLIC_URL":"https://pub-ee4534784e534bd9af38ba8022bc5e1e.r2.dev","R2_ACCESS_KEY_ID":"75713468bf056703eec66c5821e564f5","FIREBASE_CONFIG":"{\"projectId\":\"extension-eng\",\"storageBucket\":\"extension-eng.firebasestorage.app\"}","GCLOUD_PROJECT":"extension-eng","EVENTARC_CLOUD_EVENT_SOURCE":"projects/extension-eng/locations/europe-west1/services/createStripeCheckoutSession","FUNCTION_REGION":"europe-west1","FUNCTION_TARGET":"createStripeCheckoutSession","LOG_EXECUTION_ID":"true","FUNCTION_SIGNATURE_TYPE":"http"},"ingressSettings":"ALLOW_ALL","uri":"https://createstripecheckoutsession-gyagzflbra-ew.a.run.app","serviceAccountEmail":"249798889726-compute@developer.gserviceaccount.com","availableMemory":"256Mi","allTrafficOnLatestRevision":true,"secretEnvironmentVariables":[{"key":"STRIPE_SECRET_KEY","projectId":"extension-eng","secret":"STRIPE_SECRET_KEY","version":"2"}],"revision":"createstripecheckoutsession-00047-nab","maxInstanceRequestConcurrency":80,"availableCpu":"1"},"state":"ACTIVE","labels":{"deployment-tool":"cli-firebase","firebase-functions-hash":"952c6ab4a3ebf25000284643053abc0cf779dd14"},"environment":"GEN_2","url":"https://europe-west1-extension-eng.cloudfunctions.net/createStripeCheckoutSession","satisfiesPzi":true},"stages":[{"name":"BUILD","state":"NOT_STARTED","stateMessages":[{"severity":"WARNING","type":"BuildAnalysisWarning","message":"Node.js 20 is no longer supported by the Node.js community as of 30 April, 2026. Node.js 20 will be decommissioned on 2026-10-30. As of 2026-10-30 you will no longer be able to deploy your Cloud Functions using nodejs20. We recommend you to upgrade to the latest version of Node.js as soon as possible."}]},{"name":"SERVICE","state":"NOT_STARTED"}],"operationType":"UPDATE_FUNCTION"},"done":false}
[debug] [2026-09-10T16:26:58.771Z] <<< [apiv2][status] PATCH https://cloudfunctions.googleapis.com/v2/projects/extension-eng/locations/europe-west1/functions/stripeCheckoutResult 200
[debug] [2026-09-10T16:26:58.772Z] <<< [apiv2][body] PATCH https://cloudfunctions.googleapis.com/v2/projects/extension-eng/locations/europe-west1/functions/stripeCheckoutResult {"name":"projects/extension-eng/locations/europe-west1/operations/operation-1789057616583-65b236fb81d09-4b989153-07736fb8","metadata":{"@type":"type.googleapis.com/google.cloud.functions.v2.OperationMetadata","createTime":"2026-09-10T16:26:57.656724742Z","target":"projects/extension-eng/locations/europe-west1/functions/stripeCheckoutResult","verb":"update","cancelRequested":false,"apiVersion":"v2"},"done":false}
[debug] [2026-09-10T16:26:58.772Z] Checked if tokens are valid: true, expires at: 1789061199648
[debug] [2026-09-10T16:26:58.772Z] Checked if tokens are valid: true, expires at: 1789061199648
[debug] [2026-09-10T16:26:58.773Z] >>> [apiv2][query] GET https://cloudfunctions.googleapis.com/v2/projects/extension-eng/locations/europe-west1/operations/operation-1789057616583-65b236fb81d09-4b989153-07736fb8 [none]
[debug] [2026-09-10T16:26:58.935Z] <<< [apiv2][status] GET https://cloudfunctions.googleapis.com/v2/projects/extension-eng/locations/europe-west1/operations/operation-1789057616583-65b236fb81d09-4b989153-07736fb8 200
[debug] [2026-09-10T16:26:58.935Z] <<< [apiv2][body] GET https://cloudfunctions.googleapis.com/v2/projects/extension-eng/locations/europe-west1/operations/operation-1789057616583-65b236fb81d09-4b989153-07736fb8 {"name":"projects/extension-eng/locations/europe-west1/operations/operation-1789057616583-65b236fb81d09-4b989153-07736fb8","metadata":{"@type":"type.googleapis.com/google.cloud.functions.v2.OperationMetadata","createTime":"2026-09-10T16:26:57.656724742Z","target":"projects/extension-eng/locations/europe-west1/functions/stripeCheckoutResult","verb":"update","cancelRequested":false,"apiVersion":"v2","requestResource":{"@type":"type.googleapis.com/google.cloud.functions.v2.Function","name":"projects/extension-eng/locations/europe-west1/functions/stripeCheckoutResult","buildConfig":{"runtime":"nodejs20","entryPoint":"stripeCheckoutResult","source":{"storageSource":{"bucket":"gcf-v2-sources-249798889726-europe-west1","object":"stripeCheckoutResult/function-source.zip","generation":"1789057617599995"}},"environmentVariables":{"GOOGLE_NODE_RUN_SCRIPTS":""},"dockerRepository":"projects/extension-eng/locations/europe-west1/repositories/gcf-artifacts","sourceProvenance":{"resolvedStorageSource":{"bucket":"gcf-v2-sources-249798889726-europe-west1","object":"stripeCheckoutResult/function-source.zip","generation":"1789057143583923"}},"dockerRegistry":"ARTIFACT_REGISTRY","serviceAccount":"projects/extension-eng/serviceAccounts/249798889726-compute@developer.gserviceaccount.com","automaticUpdatePolicy":{}},"serviceConfig":{"service":"projects/extension-eng/locations/europe-west1/services/stripecheckoutresult","timeoutSeconds":60,"environmentVariables":{"STRIPE_BASIC_PRICE_ID":"price_1U45bvPWye8UyAN8xKC8ista","STRIPE_PRO_PRICE_ID":"price_1U46tdPWye8UyAN8jN2EpPxa","R2_ACCOUNT_ID":"94b9a2de404c8e3f8efa532d0607b5f1","R2_BUCKET_NAME":"lectoro-media","R2_PUBLIC_URL":"https://pub-ee4534784e534bd9af38ba8022bc5e1e.r2.dev","R2_ACCESS_KEY_ID":"75713468bf056703eec66c5821e564f5","FIREBASE_CONFIG":"{\"projectId\":\"extension-eng\",\"storageBucket\":\"extension-eng.firebasestorage.app\"}","GCLOUD_PROJECT":"extension-eng","EVENTARC_CLOUD_EVENT_SOURCE":"projects/extension-eng/locations/europe-west1/services/stripeCheckoutResult","FUNCTION_REGION":"europe-west1","FUNCTION_TARGET":"stripeCheckoutResult","LOG_EXECUTION_ID":"true"},"ingressSettings":"ALLOW_ALL","uri":"https://stripecheckoutresult-gyagzflbra-ew.a.run.app","serviceAccountEmail":"249798889726-compute@developer.gserviceaccount.com","availableMemory":"256Mi","allTrafficOnLatestRevision":true,"revision":"stripecheckoutresult-00044-muc","maxInstanceRequestConcurrency":80,"availableCpu":"1"},"state":"ACTIVE","labels":{"deployment-tool":"cli-firebase","firebase-functions-hash":"d98c985f1f81dfe707ddbf33cf0d8bdacf337d34"},"environment":"GEN_2","url":"https://europe-west1-extension-eng.cloudfunctions.net/stripeCheckoutResult","satisfiesPzi":true},"stages":[{"name":"BUILD","state":"NOT_STARTED","stateMessages":[{"severity":"WARNING","type":"BuildAnalysisWarning","message":"Node.js 20 is no longer supported by the Node.js community as of 30 April, 2026. Node.js 20 will be decommissioned on 2026-10-30. As of 2026-10-30 you will no longer be able to deploy your Cloud Functions using nodejs20. We recommend you to upgrade to the latest version of Node.js as soon as possible."}]},{"name":"SERVICE","state":"NOT_STARTED"}],"operationType":"UPDATE_FUNCTION"},"done":false}
[debug] [2026-09-10T16:26:59.211Z] [update-default-europe-west1-createStripeCheckoutSession] Retrying task index 0
[debug] [2026-09-10T16:26:59.212Z] Checked if tokens are valid: true, expires at: 1789061199648
[debug] [2026-09-10T16:26:59.212Z] Checked if tokens are valid: true, expires at: 1789061199648
[debug] [2026-09-10T16:26:59.212Z] >>> [apiv2][query] GET https://cloudfunctions.googleapis.com/v2/projects/extension-eng/locations/europe-west1/operations/operation-1789057616453-65b236fb61fbb-7348075d-00e19925 [none]
[debug] [2026-09-10T16:26:59.379Z] <<< [apiv2][status] GET https://cloudfunctions.googleapis.com/v2/projects/extension-eng/locations/europe-west1/operations/operation-1789057616453-65b236fb61fbb-7348075d-00e19925 200
[debug] [2026-09-10T16:26:59.379Z] <<< [apiv2][body] GET https://cloudfunctions.googleapis.com/v2/projects/extension-eng/locations/europe-west1/operations/operation-1789057616453-65b236fb61fbb-7348075d-00e19925 {"name":"projects/extension-eng/locations/europe-west1/operations/operation-1789057616453-65b236fb61fbb-7348075d-00e19925","metadata":{"@type":"type.googleapis.com/google.cloud.functions.v2.OperationMetadata","createTime":"2026-09-10T16:26:57.422795273Z","target":"projects/extension-eng/locations/europe-west1/functions/createStripeCheckoutSession","verb":"update","cancelRequested":false,"apiVersion":"v2","requestResource":{"@type":"type.googleapis.com/google.cloud.functions.v2.Function","name":"projects/extension-eng/locations/europe-west1/functions/createStripeCheckoutSession","buildConfig":{"runtime":"nodejs20","entryPoint":"createStripeCheckoutSession","source":{"storageSource":{"bucket":"gcf-v2-sources-249798889726-europe-west1","object":"createStripeCheckoutSession/function-source.zip","generation":"1789057617378477"}},"environmentVariables":{"GOOGLE_NODE_RUN_SCRIPTS":""},"dockerRepository":"projects/extension-eng/locations/europe-west1/repositories/gcf-artifacts","sourceProvenance":{"resolvedStorageSource":{"bucket":"gcf-v2-sources-249798889726-europe-west1","object":"createStripeCheckoutSession/function-source.zip","generation":"1789057143389200"}},"dockerRegistry":"ARTIFACT_REGISTRY","serviceAccount":"projects/extension-eng/serviceAccounts/249798889726-compute@developer.gserviceaccount.com","automaticUpdatePolicy":{}},"serviceConfig":{"service":"projects/extension-eng/locations/europe-west1/services/createstripecheckoutsession","timeoutSeconds":30,"environmentVariables":{"STRIPE_BASIC_PRICE_ID":"price_1U45bvPWye8UyAN8xKC8ista","STRIPE_PRO_PRICE_ID":"price_1U46tdPWye8UyAN8jN2EpPxa","R2_ACCOUNT_ID":"94b9a2de404c8e3f8efa532d0607b5f1","R2_BUCKET_NAME":"lectoro-media","R2_PUBLIC_URL":"https://pub-ee4534784e534bd9af38ba8022bc5e1e.r2.dev","R2_ACCESS_KEY_ID":"75713468bf056703eec66c5821e564f5","FIREBASE_CONFIG":"{\"projectId\":\"extension-eng\",\"storageBucket\":\"extension-eng.firebasestorage.app\"}","GCLOUD_PROJECT":"extension-eng","EVENTARC_CLOUD_EVENT_SOURCE":"projects/extension-eng/locations/europe-west1/services/createStripeCheckoutSession","FUNCTION_REGION":"europe-west1","FUNCTION_TARGET":"createStripeCheckoutSession","LOG_EXECUTION_ID":"true","FUNCTION_SIGNATURE_TYPE":"http"},"ingressSettings":"ALLOW_ALL","uri":"https://createstripecheckoutsession-gyagzflbra-ew.a.run.app","serviceAccountEmail":"249798889726-compute@developer.gserviceaccount.com","availableMemory":"256Mi","allTrafficOnLatestRevision":true,"secretEnvironmentVariables":[{"key":"STRIPE_SECRET_KEY","projectId":"extension-eng","secret":"STRIPE_SECRET_KEY","version":"2"}],"revision":"createstripecheckoutsession-00047-nab","maxInstanceRequestConcurrency":80,"availableCpu":"1"},"state":"ACTIVE","labels":{"deployment-tool":"cli-firebase","firebase-functions-hash":"952c6ab4a3ebf25000284643053abc0cf779dd14"},"environment":"GEN_2","url":"https://europe-west1-extension-eng.cloudfunctions.net/createStripeCheckoutSession","satisfiesPzi":true},"stages":[{"name":"BUILD","state":"NOT_STARTED","stateMessages":[{"severity":"WARNING","type":"BuildAnalysisWarning","message":"Node.js 20 is no longer supported by the Node.js community as of 30 April, 2026. Node.js 20 will be decommissioned on 2026-10-30. As of 2026-10-30 you will no longer be able to deploy your Cloud Functions using nodejs20. We recommend you to upgrade to the latest version of Node.js as soon as possible."}]},{"name":"SERVICE","state":"NOT_STARTED"}],"operationType":"UPDATE_FUNCTION"},"done":false}
[debug] [2026-09-10T16:26:59.447Z] [update-default-europe-west1-stripeCheckoutResult] Retrying task index 0
[debug] [2026-09-10T16:26:59.447Z] Checked if tokens are valid: true, expires at: 1789061199648
[debug] [2026-09-10T16:26:59.447Z] Checked if tokens are valid: true, expires at: 1789061199648
[debug] [2026-09-10T16:26:59.447Z] >>> [apiv2][query] GET https://cloudfunctions.googleapis.com/v2/projects/extension-eng/locations/europe-west1/operations/operation-1789057616583-65b236fb81d09-4b989153-07736fb8 [none]
[debug] [2026-09-10T16:26:59.620Z] <<< [apiv2][status] GET https://cloudfunctions.googleapis.com/v2/projects/extension-eng/locations/europe-west1/operations/operation-1789057616583-65b236fb81d09-4b989153-07736fb8 200
[debug] [2026-09-10T16:26:59.620Z] <<< [apiv2][body] GET https://cloudfunctions.googleapis.com/v2/projects/extension-eng/locations/europe-west1/operations/operation-1789057616583-65b236fb81d09-4b989153-07736fb8 {"name":"projects/extension-eng/locations/europe-west1/operations/operation-1789057616583-65b236fb81d09-4b989153-07736fb8","metadata":{"@type":"type.googleapis.com/google.cloud.functions.v2.OperationMetadata","createTime":"2026-09-10T16:26:57.656724742Z","target":"projects/extension-eng/locations/europe-west1/functions/stripeCheckoutResult","verb":"update","cancelRequested":false,"apiVersion":"v2","requestResource":{"@type":"type.googleapis.com/google.cloud.functions.v2.Function","name":"projects/extension-eng/locations/europe-west1/functions/stripeCheckoutResult","buildConfig":{"runtime":"nodejs20","entryPoint":"stripeCheckoutResult","source":{"storageSource":{"bucket":"gcf-v2-sources-249798889726-europe-west1","object":"stripeCheckoutResult/function-source.zip","generation":"1789057617599995"}},"environmentVariables":{"GOOGLE_NODE_RUN_SCRIPTS":""},"dockerRepository":"projects/extension-eng/locations/europe-west1/repositories/gcf-artifacts","sourceProvenance":{"resolvedStorageSource":{"bucket":"gcf-v2-sources-249798889726-europe-west1","object":"stripeCheckoutResult/function-source.zip","generation":"1789057143583923"}},"dockerRegistry":"ARTIFACT_REGISTRY","serviceAccount":"projects/extension-eng/serviceAccounts/249798889726-compute@developer.gserviceaccount.com","automaticUpdatePolicy":{}},"serviceConfig":{"service":"projects/extension-eng/locations/europe-west1/services/stripecheckoutresult","timeoutSeconds":60,"environmentVariables":{"STRIPE_BASIC_PRICE_ID":"price_1U45bvPWye8UyAN8xKC8ista","STRIPE_PRO_PRICE_ID":"price_1U46tdPWye8UyAN8jN2EpPxa","R2_ACCOUNT_ID":"94b9a2de404c8e3f8efa532d0607b5f1","R2_BUCKET_NAME":"lectoro-media","R2_PUBLIC_URL":"https://pub-ee4534784e534bd9af38ba8022bc5e1e.r2.dev","R2_ACCESS_KEY_ID":"75713468bf056703eec66c5821e564f5","FIREBASE_CONFIG":"{\"projectId\":\"extension-eng\",\"storageBucket\":\"extension-eng.firebasestorage.app\"}","GCLOUD_PROJECT":"extension-eng","EVENTARC_CLOUD_EVENT_SOURCE":"projects/extension-eng/locations/europe-west1/services/stripeCheckoutResult","FUNCTION_REGION":"europe-west1","FUNCTION_TARGET":"stripeCheckoutResult","LOG_EXECUTION_ID":"true"},"ingressSettings":"ALLOW_ALL","uri":"https://stripecheckoutresult-gyagzflbra-ew.a.run.app","serviceAccountEmail":"249798889726-compute@developer.gserviceaccount.com","availableMemory":"256Mi","allTrafficOnLatestRevision":true,"revision":"stripecheckoutresult-00044-muc","maxInstanceRequestConcurrency":80,"availableCpu":"1"},"state":"ACTIVE","labels":{"deployment-tool":"cli-firebase","firebase-functions-hash":"d98c985f1f81dfe707ddbf33cf0d8bdacf337d34"},"environment":"GEN_2","url":"https://europe-west1-extension-eng.cloudfunctions.net/stripeCheckoutResult","satisfiesPzi":true},"stages":[{"name":"BUILD","state":"NOT_STARTED","stateMessages":[{"severity":"WARNING","type":"BuildAnalysisWarning","message":"Node.js 20 is no longer supported by the Node.js community as of 30 April, 2026. Node.js 20 will be decommissioned on 2026-10-30. As of 2026-10-30 you will no longer be able to deploy your Cloud Functions using nodejs20. We recommend you to upgrade to the latest version of Node.js as soon as possible."}]},{"name":"SERVICE","state":"NOT_STARTED"}],"operationType":"UPDATE_FUNCTION"},"done":false}
[debug] [2026-09-10T16:27:00.385Z] [update-default-europe-west1-createStripeCheckoutSession] Retrying task index 0
[debug] [2026-09-10T16:27:00.386Z] Checked if tokens are valid: true, expires at: 1789061199648
[debug] [2026-09-10T16:27:00.386Z] Checked if tokens are valid: true, expires at: 1789061199648
[debug] [2026-09-10T16:27:00.386Z] >>> [apiv2][query] GET https://cloudfunctions.googleapis.com/v2/projects/extension-eng/locations/europe-west1/operations/operation-1789057616453-65b236fb61fbb-7348075d-00e19925 [none]
[debug] [2026-09-10T16:27:00.517Z] <<< [apiv2][status] GET https://cloudfunctions.googleapis.com/v2/projects/extension-eng/locations/europe-west1/operations/operation-1789057616453-65b236fb61fbb-7348075d-00e19925 200
[debug] [2026-09-10T16:27:00.517Z] <<< [apiv2][body] GET https://cloudfunctions.googleapis.com/v2/projects/extension-eng/locations/europe-west1/operations/operation-1789057616453-65b236fb61fbb-7348075d-00e19925 {"name":"projects/extension-eng/locations/europe-west1/operations/operation-1789057616453-65b236fb61fbb-7348075d-00e19925","metadata":{"@type":"type.googleapis.com/google.cloud.functions.v2.OperationMetadata","createTime":"2026-09-10T16:26:57.422795273Z","target":"projects/extension-eng/locations/europe-west1/functions/createStripeCheckoutSession","verb":"update","cancelRequested":false,"apiVersion":"v2","requestResource":{"@type":"type.googleapis.com/google.cloud.functions.v2.Function","name":"projects/extension-eng/locations/europe-west1/functions/createStripeCheckoutSession","buildConfig":{"runtime":"nodejs20","entryPoint":"createStripeCheckoutSession","source":{"storageSource":{"bucket":"gcf-v2-sources-249798889726-europe-west1","object":"createStripeCheckoutSession/function-source.zip","generation":"1789057617378477"}},"environmentVariables":{"GOOGLE_NODE_RUN_SCRIPTS":""},"dockerRepository":"projects/extension-eng/locations/europe-west1/repositories/gcf-artifacts","sourceProvenance":{"resolvedStorageSource":{"bucket":"gcf-v2-sources-249798889726-europe-west1","object":"createStripeCheckoutSession/function-source.zip","generation":"1789057143389200"}},"dockerRegistry":"ARTIFACT_REGISTRY","serviceAccount":"projects/extension-eng/serviceAccounts/249798889726-compute@developer.gserviceaccount.com","automaticUpdatePolicy":{}},"serviceConfig":{"service":"projects/extension-eng/locations/europe-west1/services/createstripecheckoutsession","timeoutSeconds":30,"environmentVariables":{"STRIPE_BASIC_PRICE_ID":"price_1U45bvPWye8UyAN8xKC8ista","STRIPE_PRO_PRICE_ID":"price_1U46tdPWye8UyAN8jN2EpPxa","R2_ACCOUNT_ID":"94b9a2de404c8e3f8efa532d0607b5f1","R2_BUCKET_NAME":"lectoro-media","R2_PUBLIC_URL":"https://pub-ee4534784e534bd9af38ba8022bc5e1e.r2.dev","R2_ACCESS_KEY_ID":"75713468bf056703eec66c5821e564f5","FIREBASE_CONFIG":"{\"projectId\":\"extension-eng\",\"storageBucket\":\"extension-eng.firebasestorage.app\"}","GCLOUD_PROJECT":"extension-eng","EVENTARC_CLOUD_EVENT_SOURCE":"projects/extension-eng/locations/europe-west1/services/createStripeCheckoutSession","FUNCTION_REGION":"europe-west1","FUNCTION_TARGET":"createStripeCheckoutSession","LOG_EXECUTION_ID":"true","FUNCTION_SIGNATURE_TYPE":"http"},"ingressSettings":"ALLOW_ALL","uri":"https://createstripecheckoutsession-gyagzflbra-ew.a.run.app","serviceAccountEmail":"249798889726-compute@developer.gserviceaccount.com","availableMemory":"256Mi","allTrafficOnLatestRevision":true,"secretEnvironmentVariables":[{"key":"STRIPE_SECRET_KEY","projectId":"extension-eng","secret":"STRIPE_SECRET_KEY","version":"2"}],"revision":"createstripecheckoutsession-00047-nab","maxInstanceRequestConcurrency":80,"availableCpu":"1"},"state":"ACTIVE","labels":{"deployment-tool":"cli-firebase","firebase-functions-hash":"952c6ab4a3ebf25000284643053abc0cf779dd14"},"environment":"GEN_2","url":"https://europe-west1-extension-eng.cloudfunctions.net/createStripeCheckoutSession","satisfiesPzi":true},"stages":[{"name":"BUILD","message":"Build in progress","state":"IN_PROGRESS","resource":"projects/249798889726/locations/europe-west1/builds/68d2a94c-8928-4c1d-9c04-f9af837d27f3","resourceUri":"https://console.cloud.google.com/cloud-build/builds;region=europe-west1/68d2a94c-8928-4c1d-9c04-f9af837d27f3?project=249798889726"},{"name":"SERVICE","state":"NOT_STARTED"}],"operationType":"UPDATE_FUNCTION","buildName":"projects/249798889726/locations/europe-west1/builds/68d2a94c-8928-4c1d-9c04-f9af837d27f3"},"done":false}
[debug] [2026-09-10T16:27:00.634Z] [update-default-europe-west1-stripeCheckoutResult] Retrying task index 0
[debug] [2026-09-10T16:27:00.635Z] Checked if tokens are valid: true, expires at: 1789061199648
[debug] [2026-09-10T16:27:00.635Z] Checked if tokens are valid: true, expires at: 1789061199648
[debug] [2026-09-10T16:27:00.635Z] >>> [apiv2][query] GET https://cloudfunctions.googleapis.com/v2/projects/extension-eng/locations/europe-west1/operations/operation-1789057616583-65b236fb81d09-4b989153-07736fb8 [none]
[debug] [2026-09-10T16:27:00.805Z] <<< [apiv2][status] GET https://cloudfunctions.googleapis.com/v2/projects/extension-eng/locations/europe-west1/operations/operation-1789057616583-65b236fb81d09-4b989153-07736fb8 200
[debug] [2026-09-10T16:27:00.806Z] <<< [apiv2][body] GET https://cloudfunctions.googleapis.com/v2/projects/extension-eng/locations/europe-west1/operations/operation-1789057616583-65b236fb81d09-4b989153-07736fb8 {"name":"projects/extension-eng/locations/europe-west1/operations/operation-1789057616583-65b236fb81d09-4b989153-07736fb8","metadata":{"@type":"type.googleapis.com/google.cloud.functions.v2.OperationMetadata","createTime":"2026-09-10T16:26:57.656724742Z","target":"projects/extension-eng/locations/europe-west1/functions/stripeCheckoutResult","verb":"update","cancelRequested":false,"apiVersion":"v2","requestResource":{"@type":"type.googleapis.com/google.cloud.functions.v2.Function","name":"projects/extension-eng/locations/europe-west1/functions/stripeCheckoutResult","buildConfig":{"runtime":"nodejs20","entryPoint":"stripeCheckoutResult","source":{"storageSource":{"bucket":"gcf-v2-sources-249798889726-europe-west1","object":"stripeCheckoutResult/function-source.zip","generation":"1789057617599995"}},"environmentVariables":{"GOOGLE_NODE_RUN_SCRIPTS":""},"dockerRepository":"projects/extension-eng/locations/europe-west1/repositories/gcf-artifacts","sourceProvenance":{"resolvedStorageSource":{"bucket":"gcf-v2-sources-249798889726-europe-west1","object":"stripeCheckoutResult/function-source.zip","generation":"1789057143583923"}},"dockerRegistry":"ARTIFACT_REGISTRY","serviceAccount":"projects/extension-eng/serviceAccounts/249798889726-compute@developer.gserviceaccount.com","automaticUpdatePolicy":{}},"serviceConfig":{"service":"projects/extension-eng/locations/europe-west1/services/stripecheckoutresult","timeoutSeconds":60,"environmentVariables":{"STRIPE_BASIC_PRICE_ID":"price_1U45bvPWye8UyAN8xKC8ista","STRIPE_PRO_PRICE_ID":"price_1U46tdPWye8UyAN8jN2EpPxa","R2_ACCOUNT_ID":"94b9a2de404c8e3f8efa532d0607b5f1","R2_BUCKET_NAME":"lectoro-media","R2_PUBLIC_URL":"https://pub-ee4534784e534bd9af38ba8022bc5e1e.r2.dev","R2_ACCESS_KEY_ID":"75713468bf056703eec66c5821e564f5","FIREBASE_CONFIG":"{\"projectId\":\"extension-eng\",\"storageBucket\":\"extension-eng.firebasestorage.app\"}","GCLOUD_PROJECT":"extension-eng","EVENTARC_CLOUD_EVENT_SOURCE":"projects/extension-eng/locations/europe-west1/services/stripeCheckoutResult","FUNCTION_REGION":"europe-west1","FUNCTION_TARGET":"stripeCheckoutResult","LOG_EXECUTION_ID":"true"},"ingressSettings":"ALLOW_ALL","uri":"https://stripecheckoutresult-gyagzflbra-ew.a.run.app","serviceAccountEmail":"249798889726-compute@developer.gserviceaccount.com","availableMemory":"256Mi","allTrafficOnLatestRevision":true,"revision":"stripecheckoutresult-00044-muc","maxInstanceRequestConcurrency":80,"availableCpu":"1"},"state":"ACTIVE","labels":{"deployment-tool":"cli-firebase","firebase-functions-hash":"d98c985f1f81dfe707ddbf33cf0d8bdacf337d34"},"environment":"GEN_2","url":"https://europe-west1-extension-eng.cloudfunctions.net/stripeCheckoutResult","satisfiesPzi":true},"stages":[{"name":"BUILD","message":"Build in progress","state":"IN_PROGRESS","resource":"projects/249798889726/locations/europe-west1/builds/e9add740-e33f-4c25-870e-1d49af62966d","resourceUri":"https://console.cloud.google.com/cloud-build/builds;region=europe-west1/e9add740-e33f-4c25-870e-1d49af62966d?project=249798889726"},{"name":"SERVICE","state":"NOT_STARTED"}],"operationType":"UPDATE_FUNCTION","buildName":"projects/249798889726/locations/europe-west1/builds/e9add740-e33f-4c25-870e-1d49af62966d"},"done":false}
